"season","date","gameId","eventId","period","periodType","time","aScore","hScore","aSkaters","hSkaters","hZone","locX","locY","desc","type","subtype","team","teamIceSit","p1","p2","p3","p1Role","p2Role","p3Role","aS1","aS2","aS3","aS4","aS5","aS6","aG","hS1","hS2","hS3","hS4","hS5","hS6","hG"
20152016,20160302,20720,1,1,"regular",0,0,0,NULL,NULL,NULL,NULL,NULL,"Game Scheduled","game_scheduled",NULL,NULL,NULL,NULL,NULL,NULL,NULL,NULL,NULL,NULL,NULL,NULL,NULL,NULL,NULL,NULL,NULL,NULL,NULL,NULL,NULL,NULL,NULL
20152016,20160302,20720,0,1,"regular",0,0,0,NULL,NULL,NULL,NULL,NULL,"Period Ready","period_ready",NULL,NULL,NULL,NULL,NULL,NULL,NULL,NULL,NULL,NULL,NULL,NULL,NULL,NULL,NULL,NULL,NULL,NULL,NULL,NULL,NULL,NULL,NULL
20152016,20160302,20720,2,1,"regular",0,0,0,NULL,NULL,NULL,NULL,NULL,"Period Start","period_start",NULL,NULL,NULL,NULL,NULL,NULL,NULL,NULL,NULL,NULL,NULL,NULL,NULL,NULL,NULL,NULL,NULL,NULL,NULL,NULL,NULL,NULL,NULL
20152016,20160302,20720,3,1,"regular",0,0,0,5,5,"n",-1,0,"Nicklas Backstrom faceoff won against Sidney Crosby","faceoff",NULL,"wsh","home",8473563,8471675,NULL,"winner","loser",NULL,8470543,8476874,8471724,8471887,8471675,NULL,8476899,8473991,8471214,8471698,8471702,8473563,NULL,8474651
20152016,20160302,20720,4,1,"regular",17,0,0,5,5,NULL,NULL,NULL,"Referee or Linesman","stop",NULL,NULL,NULL,NULL,NULL,NULL,NULL,NULL,NULL,8476874,8471724,8470543,8471887,8471675,NULL,8476899,8473563,8473991,8471214,8471698,8471702,NULL,8474651
20152016,20160302,20720,5,1,"regular",17,0,0,5,5,"d",-69,-21,"Tom Wilson faceoff won against Evgeni Malkin","faceoff",NULL,"wsh","home",8476880,8471215,NULL,"winner","loser",NULL,8474176,8475208,8473548,8471215,8470110,NULL,8476899,8473991,8466251,8475149,8476880,8471702,NULL,8474651
20152016,20160302,20720,6,1,"regular",26,0,0,5,5,"o",79,10,"Brian Dumoulin blocked shot from Jason Chimera","blocked_shot",NULL,"wsh","home",8475208,8466251,NULL,"blocker","shooter",NULL,8474176,8475208,8473548,8471215,8470110,NULL,8476899,8473991,8466251,8475149,8476880,8471702,NULL,8474651
20152016,20160302,20720,7,1,"regular",28,0,0,5,5,"o",83,6,"Jason Chimera - Wide of Net","missed_shot",NULL,"wsh","home",8466251,NULL,NULL,"shooter",NULL,NULL,8474176,8475208,8473548,8471215,8470110,NULL,8476899,8475200,8473991,8466251,8475149,8476880,NULL,8474651
20152016,20160302,20720,8,1,"regular",61,0,0,5,5,"d",-33,-28,"Olli Maatta Slap Shot saved by Braden Holtby","shot","slap shot","pit","away",8476874,8474651,NULL,"shooter","goalie",NULL,8474176,8471724,8476874,8473548,8471215,NULL,8476899,8475200,8466251,8475149,8468498,8468508,NULL,8474651
20152016,20160302,20720,9,1,"regular",62,0,0,5,5,NULL,NULL,NULL,"Goalie Stopped","stop",NULL,NULL,NULL,NULL,NULL,NULL,NULL,NULL,NULL,8474176,8471724,8476874,8473548,8471215,NULL,8476899,8475200,8466251,8475149,8468498,8468508,NULL,8474651
20152016,20160302,20720,10,1,"regular",62,0,0,5,5,"d",-69,-22,"Nicklas Backstrom faceoff won against Sidney Crosby","faceoff",NULL,"wsh","home",8473563,8471675,NULL,"winner","loser",NULL,8476874,8471724,8470543,8471887,8471675,NULL,8476899,8475200,8468498,8471214,8471698,8473563,NULL,8474651
20152016,20160302,20720,11,1,"regular",75,0,0,5,5,"o",91,-37,"Kris Letang hit Nicklas Backstrom","hit",NULL,"pit","away",8473563,8471724,NULL,"hittee","hitter",NULL,8470543,8476874,8471724,8471887,8471675,NULL,8476899,8475200,8468498,8471214,8471698,8473563,NULL,8474651
20152016,20160302,20720,12,1,"regular",90,0,0,5,5,"n",-15,-36,"Dmitry Orlov","giveaway",NULL,"wsh","home",8475200,NULL,NULL,"giver",NULL,NULL,8470543,8476874,8471724,8471887,8471675,NULL,8476899,8475200,8468498,8471214,8471698,8473563,NULL,8474651
20152016,20160302,20720,13,1,"regular",119,0,0,5,5,"d",-40,31,"Nate Schmidt","giveaway",NULL,"wsh","home",8477220,NULL,NULL,"giver",NULL,NULL,8475810,8475208,8475832,8464989,8470110,NULL,8476899,8475744,8477220,8473426,8477444,8468508,NULL,8474651
20152016,20160302,20720,14,1,"regular",121,0,0,5,5,"d",-84,8,"Bryan Rust Wrist Shot saved by Braden Holtby","shot","wrist shot","pit","away",8475810,8474651,NULL,"shooter","goalie",NULL,8475810,8475208,8475832,8464989,8470110,NULL,8476899,8475744,8477220,8473426,8477444,8468508,NULL,8474651
20152016,20160302,20720,15,1,"regular",125,0,0,5,5,"d",-78,-1,"Nate Schmidt blocked shot from Tom Kuhnhackl","blocked_shot",NULL,"pit","away",8477220,8475832,NULL,"blocker","shooter",NULL,8475810,8475208,8475832,8464989,8470110,NULL,8476899,8475744,8477220,8473426,8477444,8468508,NULL,8474651
20152016,20160302,20720,16,1,"regular",128,0,0,5,5,"d",-96,-38,"Mike Weber hit Bryan Rust","hit",NULL,"wsh","home",8475810,8473426,NULL,"hittee","hitter",NULL,8475810,8475208,8475832,8464989,8470110,NULL,8476899,8475744,8477220,8473426,8477444,8468508,NULL,8474651
20152016,20160302,20720,17,1,"regular",136,0,0,5,5,NULL,NULL,NULL,"Puck in Benches","stop",NULL,NULL,NULL,NULL,NULL,NULL,NULL,NULL,NULL,8475810,8475208,8475832,8464989,8470110,NULL,8476899,8475744,8477444,8473426,8477220,8468508,NULL,8474651
20152016,20160302,20720,18,1,"regular",136,0,0,5,5,"n",-20,-22,"Nick Bonino faceoff won against Mike Richards","faceoff",NULL,"pit","away",8474009,8470617,NULL,"winner","loser",NULL,8471331,8476293,8476884,8474009,8474013,NULL,8476899,8473991,8475816,8474291,8471702,8470617,NULL,8474651
20152016,20160302,20720,19,1,"regular",147,0,0,5,5,"d",-90,-39,"Kevin Porter hit Matt Niskanen","hit",NULL,"pit","away",8471702,8471331,NULL,"hittee","hitter",NULL,8471331,8476293,8476884,8474009,8474013,NULL,8476899,8473991,8475816,8474291,8471702,8470617,NULL,8474651
20152016,20160302,20720,20,1,"regular",148,0,0,5,5,"d",-57,-34,"Nick Bonino - Wide of Net","missed_shot",NULL,"pit","away",8474009,NULL,NULL,"shooter",NULL,NULL,8471331,8476293,8476884,8474009,8474013,NULL,8476899,8473991,8475816,8474291,8471702,8470617,NULL,8474651
20152016,20160302,20720,21,1,"regular",159,0,0,5,5,"d",-32,-34,"Derrick Pouliot Wrist Shot saved by Braden Holtby","shot","wrist shot","pit","away",8476884,8474651,NULL,"shooter","goalie",NULL,8471331,8476293,8476884,8474009,8474013,NULL,8476899,8473991,8475816,8474291,8471702,8470617,NULL,8474651
20152016,20160302,20720,22,1,"regular",177,0,0,5,5,"d",-73,24,"Karl Alzner blocked shot from Kevin Porter","blocked_shot",NULL,"pit","away",8473991,8471331,NULL,"blocker","shooter",NULL,8471331,8476293,8476874,8471724,8471215,NULL,8476899,8473991,8475816,8474291,8471702,8470617,NULL,8474651
20152016,20160302,20720,23,1,"regular",193,0,0,5,5,"o",93,36,"Tom Wilson hit Kris Letang","hit",NULL,"wsh","home",8471724,8476880,NULL,"hittee","hitter",NULL,8474176,8471331,8476874,8471724,8471215,NULL,8476899,8475200,8475816,8475149,8476880,8468498,NULL,8474651
20152016,20160302,20720,24,1,"regular",218,0,0,5,5,"o",39,33,"Jason Chimera","giveaway",NULL,"wsh","home",8466251,NULL,NULL,"giver",NULL,NULL,8474176,8471724,8476874,8473548,8471215,NULL,8476899,8475200,8466251,8475149,8476880,8468498,NULL,8474651
20152016,20160302,20720,25,1,"regular",252,0,0,5,5,"o",95,28,"Alex Ovechkin hit Brian Dumoulin","hit",NULL,"wsh","home",8475208,8471214,NULL,"hittee","hitter",NULL,8474176,8475208,8473548,8471675,8470110,NULL,8476899,8473991,8471214,8471698,8471702,8473563,NULL,8474651
20152016,20160302,20720,26,1,"regular",259,0,0,5,5,"o",94,-21,"Nicklas Backstrom","takeaway",NULL,"wsh","home",8473563,NULL,NULL,"taker",NULL,NULL,8475208,8470543,8471887,8471675,8470110,NULL,8476899,8473991,8471214,8471698,8471702,8473563,NULL,8474651
20152016,20160302,20720,27,1,"regular",260,0,0,5,5,"o",68,-10,"T.J. Oshie - Wide of Net","missed_shot",NULL,"wsh","home",8471698,NULL,NULL,"shooter",NULL,NULL,8475208,8470543,8471887,8471675,8470110,NULL,8476899,8473991,8471214,8471698,8471702,8473563,NULL,8474651
20152016,20160302,20720,28,1,"regular",274,0,0,5,5,"d",-42,-9,"Nicklas Backstrom blocked shot from Olli Maatta","blocked_shot",NULL,"pit","away",8473563,8476874,NULL,"blocker","shooter",NULL,8470543,8476874,8471724,8471887,8471675,NULL,8476899,8473991,8471214,8471698,8471702,8473563,NULL,8474651
20152016,20160302,20720,29,1,"regular",290,0,0,5,5,"o",52,24,"Patric Hornqvist blocked shot from Mike Weber","blocked_shot",NULL,"wsh","home",8471887,8473426,NULL,"blocker","shooter",NULL,8470543,8476874,8471724,8471887,8471675,NULL,8476899,8477220,8473426,8471214,8471698,8473563,NULL,8474651
20152016,20160302,20720,30,1,"regular",297,0,0,5,5,"o",54,0,"Chris Kunitz blocked shot from Alex Ovechkin","blocked_shot",NULL,"wsh","home",8470543,8471214,NULL,"blocker","shooter",NULL,8470543,8476874,8471724,8471887,8471675,NULL,8476899,8477220,8471214,8473426,8473563,8468508,NULL,8474651
20152016,20160302,20720,31,1,"regular",298,0,0,5,5,NULL,NULL,NULL,"Puck in Netting","stop",NULL,NULL,NULL,NULL,NULL,NULL,NULL,NULL,NULL,8470543,8476874,8471724,8471887,8471675,NULL,8476899,8473563,8477220,8471214,8473426,8468508,NULL,8474651
20152016,20160302,20720,32,1,"regular",298,0,0,5,5,"o",68,23,"Evgeny Kuznetsov faceoff won against Matt Cullen","faceoff",NULL,"wsh","home",8475744,8464989,NULL,"winner","loser",NULL,8475810,8464989,8476884,8475832,8474013,NULL,8476899,8475744,8477220,8473426,8477444,8468508,NULL,8474651
20152016,20160302,20720,33,1,"regular",315,0,0,5,5,"d",-74,-35,"Bryan Rust Wrist Shot saved by Braden Holtby","shot","wrist shot","pit","away",8475810,8474651,NULL,"shooter","goalie",NULL,8475810,8474013,8476884,8475832,8464989,NULL,8476899,8475744,8477220,8473426,8477444,8468508,NULL,8474651
20152016,20160302,20720,34,1,"regular",324,0,0,5,5,"d",-95,-38,"Mike Weber hit Matt Cullen","hit",NULL,"wsh","home",8464989,8473426,NULL,"hittee","hitter",NULL,8475810,8474013,8476884,8475832,8464989,NULL,8476899,8475744,8477220,8473426,8477444,8468508,NULL,8474651
20152016,20160302,20720,35,1,"regular",351,0,0,5,5,NULL,NULL,NULL,"Icing","stop",NULL,NULL,NULL,NULL,NULL,NULL,NULL,NULL,NULL,8475810,8464989,8476884,8475832,8474013,NULL,8476899,8475200,8475744,8477444,8473426,8468508,NULL,8474651
20152016,20160302,20720,36,1,"regular",351,0,0,5,5,"d",-69,25,"Evgeny Kuznetsov faceoff won against Carl Hagelin","faceoff",NULL,"wsh","home",8475744,8474176,NULL,"winner","loser",NULL,8474176,8475208,8473548,8471215,8470110,NULL,8476899,8475200,8475744,8477444,8473426,8468508,NULL,8474651
20152016,20160302,20720,37,1,"regular",354,0,0,5,5,NULL,NULL,NULL,"Puck in Benches","stop",NULL,NULL,NULL,NULL,NULL,NULL,NULL,NULL,NULL,8474176,8475208,8473548,8471215,8470110,NULL,8476899,8475200,8475744,8477444,8473426,8468508,NULL,8474651
20152016,20160302,20720,38,1,"regular",354,0,0,5,5,"d",-69,23,"Evgeni Malkin faceoff won against Marcus Johansson","faceoff",NULL,"pit","away",8471215,8475149,NULL,"winner","loser",NULL,8474176,8475208,8473548,8471215,8470110,NULL,8476899,8475200,8466251,8475149,8476880,8468498,NULL,8474651
20152016,20160302,20720,39,1,"regular",367,0,0,5,5,"d",-95,11,"Jason Chimera hit Trevor Daley","hit",NULL,"wsh","home",8470110,8466251,NULL,"hittee","hitter",NULL,8474176,8475208,8473548,8471215,8470110,NULL,8476899,8475200,8466251,8475149,8476880,8468498,NULL,8474651
20152016,20160302,20720,40,1,"regular",374,0,0,5,5,"d",-82,-5,"Evgeni Malkin (24) Wrist Shot; assists: Carl Hagelin (16); Brian Dumoulin (13)","goal","wrist shot","pit","away",8474176,8475208,8471215,"assist1","assist2","scorer",8474176,8475208,8473548,8471215,8470110,NULL,8476899,8475200,8466251,8475149,8476880,8468498,NULL,8474651
20152016,20160302,20720,41,1,"regular",374,1,0,5,5,"n",0,0,"Mike Richards faceoff won against Nick Bonino","faceoff",NULL,"wsh","home",8470617,8474009,NULL,"winner","loser",NULL,8471331,8476293,8476874,8471724,8474009,NULL,8476899,8477220,8475816,8473426,8474291,8470617,NULL,8474651
20152016,20160302,20720,42,1,"regular",383,1,0,5,5,"o",96,-27,"Stanislav Galiev hit Kris Letang","hit",NULL,"wsh","home",8471724,8475816,NULL,"hittee","hitter",NULL,8471331,8476293,8476874,8471724,8474009,NULL,8476899,8477220,8475816,8473426,8474291,8470617,NULL,8474651
20152016,20160302,20720,43,1,"regular",432,1,0,5,5,"d",-97,31,"Chris Kunitz hit Matt Niskanen","hit",NULL,"pit","away",8471702,8470543,NULL,"hittee","hitter",NULL,8470543,8476874,8471724,8471887,8471675,NULL,8476899,8473991,8471214,8471698,8471702,8473563,NULL,8474651
20152016,20160302,20720,44,1,"regular",443,1,0,5,5,"d",-95,21,"Patric Hornqvist hit Karl Alzner","hit",NULL,"pit","away",8473991,8471887,NULL,"hittee","hitter",NULL,8470543,8476874,8471724,8471887,8471675,NULL,8476899,8473991,8471214,8471698,8471702,8473563,NULL,8474651
20152016,20160302,20720,45,1,"regular",444,1,0,5,5,"d",-96,35,"Chris Kunitz hit Matt Niskanen","hit",NULL,"pit","away",8471702,8470543,NULL,"hittee","hitter",NULL,8470543,8476874,8471724,8471887,8471675,NULL,8476899,8473991,8471214,8471698,8471702,8473563,NULL,8474651
20152016,20160302,20720,46,1,"regular",452,1,0,5,5,NULL,NULL,NULL,"Goalie Stopped","stop",NULL,NULL,NULL,NULL,NULL,NULL,NULL,NULL,NULL,8476874,8471724,8470543,8471887,8471675,NULL,8476899,8475200,8468498,8471214,8471698,8473563,NULL,8474651
20152016,20160302,20720,47,1,"regular",452,1,0,5,5,"o",69,-21,"Matt Cullen faceoff won against Evgeny Kuznetsov","faceoff",NULL,"pit","away",8464989,8475744,NULL,"winner","loser",NULL,8475810,8476874,8471724,8475832,8464989,NULL,8476899,8475200,8475744,8477444,8468498,8468508,NULL,8474651
20152016,20160302,20720,48,1,"regular",461,1,0,5,5,"d",-52,-33,"Tom Kuhnhackl Slap Shot saved by Braden Holtby","shot","slap shot","pit","away",8475832,8474651,NULL,"shooter","goalie",NULL,8475810,8476874,8471724,8475832,8464989,NULL,8476899,8475200,8475744,8477444,8468498,8468508,NULL,8474651
20152016,20160302,20720,49,1,"regular",463,1,0,5,5,"d",-75,-10,"Bryan Rust - Wide of Net","missed_shot",NULL,"pit","away",8475810,NULL,NULL,"shooter",NULL,NULL,8475810,8476874,8471724,8475832,8464989,NULL,8476899,8475200,8475744,8477444,8468498,8468508,NULL,8474651
20152016,20160302,20720,50,1,"regular",472,1,0,5,5,"d",-54,3,"Bryan Rust Snap Shot saved by Braden Holtby","shot","snap shot","pit","away",8475810,8474651,NULL,"shooter","goalie",NULL,8475810,8476874,8471724,8475832,8464989,NULL,8476899,8475200,8475744,8477444,8468498,8468508,NULL,8474651
20152016,20160302,20720,51,1,"regular",473,1,0,5,5,NULL,NULL,NULL,"Goalie Stopped","stop",NULL,NULL,NULL,NULL,NULL,NULL,NULL,NULL,NULL,8475810,8476874,8471724,8475832,8464989,NULL,8476899,8475200,8475744,8477444,8468498,8468508,NULL,8474651
20152016,20160302,20720,52,1,"regular",473,1,0,5,5,"d",-69,23,"Phil Kessel faceoff won against Marcus Johansson","faceoff",NULL,"pit","away",8473548,8475149,NULL,"winner","loser",NULL,8474176,8475208,8473548,8471215,8470110,NULL,8476899,8473991,8466251,8475149,8476880,8471702,NULL,8474651
20152016,20160302,20720,53,1,"regular",485,1,0,5,5,"d",-70,-4,"Karl Alzner blocked shot from Brian Dumoulin","blocked_shot",NULL,"pit","away",8473991,8475208,NULL,"blocker","shooter",NULL,8474176,8475208,8473548,8471215,8470110,NULL,8476899,8473991,8466251,8475149,8476880,8471702,NULL,8474651
20152016,20160302,20720,54,1,"regular",492,1,0,5,5,NULL,NULL,NULL,"Icing","stop",NULL,NULL,NULL,NULL,NULL,NULL,NULL,NULL,NULL,8474176,8475208,8473548,8471215,8470110,NULL,8476899,8473991,8466251,8475149,8476880,8471702,NULL,8474651
20152016,20160302,20720,55,1,"regular",492,1,0,5,5,"d",-69,22,"Sidney Crosby faceoff won against Marcus Johansson","faceoff",NULL,"pit","away",8471675,8475149,NULL,"winner","loser",NULL,8476874,8471724,8470543,8471887,8471675,NULL,8476899,8473991,8466251,8475149,8476880,8471702,NULL,8474651
20152016,20160302,20720,56,1,"regular",498,1,0,5,5,"d",-81,31,"Kris Letang - Wide of Net","missed_shot",NULL,"pit","away",8471724,NULL,NULL,"shooter",NULL,NULL,8470543,8476874,8471724,8471887,8471675,NULL,8476899,8473991,8466251,8475149,8476880,8471702,NULL,8474651
20152016,20160302,20720,57,1,"regular",518,1,0,5,5,"d",-97,-2,"Matt Niskanen","giveaway",NULL,"wsh","home",8471702,NULL,NULL,"giver",NULL,NULL,8470543,8476874,8471724,8471887,8471675,NULL,8476899,8473991,8466251,8475149,8476880,8471702,NULL,8474651
20152016,20160302,20720,58,1,"regular",532,1,0,5,5,"o",49,21,"Marcus Johansson Snap Shot saved by Matthew Murray","shot","snap shot","wsh","home",8475149,8476899,NULL,"shooter","goalie",NULL,8470543,8476874,8471724,8471887,8471675,NULL,8476899,8473991,8466251,8475149,8476880,8471702,NULL,8474651
20152016,20160302,20720,59,1,"regular",533,1,0,5,5,NULL,NULL,NULL,"Goalie Stopped","stop",NULL,NULL,NULL,NULL,NULL,NULL,NULL,NULL,NULL,8470543,8476874,8471724,8471887,8471675,NULL,8476899,8477220,8475149,8471214,8471698,8473426,NULL,8474651
20152016,20160302,20720,60,1,"regular",533,1,0,5,5,"o",69,22,"Nick Bonino faceoff won against Nicklas Backstrom","faceoff",NULL,"pit","away",8474009,8473563,NULL,"winner","loser",NULL,8471331,8476293,8475208,8474009,8470110,NULL,8476899,8477220,8473426,8471214,8471698,8473563,NULL,8474651
20152016,20160302,20720,61,1,"regular",555,1,0,5,5,"d",-48,-23,"Kevin Porter Wrist Shot saved by Braden Holtby","shot","wrist shot","pit","away",8471331,8474651,NULL,"shooter","goalie",NULL,8471331,8476293,8475208,8474009,8470110,NULL,8476899,8477220,8473426,8471214,8471698,8473563,NULL,8474651
20152016,20160302,20720,62,1,"regular",559,1,0,5,5,"d",-96,-36,"Nate Schmidt hit Kevin Porter","hit",NULL,"wsh","home",8471331,8477220,NULL,"hittee","hitter",NULL,8471331,8476293,8475208,8474009,8470110,NULL,8476899,8477220,8473426,8471214,8471698,8473563,NULL,8474651
20152016,20160302,20720,63,1,"regular",624,1,0,5,5,"n",4,4,"Justin Williams Tip-In saved by Matthew Murray","shot","tip-in","wsh","home",8468508,8476899,NULL,"shooter","goalie",NULL,8473548,8471215,8476884,8475832,8474013,NULL,8476899,8475744,8477444,8473991,8471702,8468508,NULL,8474651
20152016,20160302,20720,64,1,"regular",635,1,0,5,5,"o",93,-36,"Mike Richards hit Ian Cole","hit",NULL,"wsh","home",8474013,8470617,NULL,"hittee","hitter",NULL,8475810,8474013,8476884,8475832,8464989,NULL,8476899,8477220,8475816,8473426,8470617,8468508,NULL,8474651
20152016,20160302,20720,65,1,"regular",637,1,0,5,5,"d",-58,12,"Mike Weber blocked shot from Bryan Rust","blocked_shot",NULL,"pit","away",8473426,8475810,NULL,"blocker","shooter",NULL,8475810,8476874,8471724,8475832,8464989,NULL,8476899,8477220,8475816,8473426,8474291,8470617,NULL,8474651
20152016,20160302,20720,66,1,"regular",652,1,0,5,5,"d",-96,33,"Mike Weber","giveaway",NULL,"wsh","home",8473426,NULL,NULL,"giver",NULL,NULL,8475810,8476874,8471724,8475832,8464989,NULL,8476899,8477220,8475816,8473426,8474291,8470617,NULL,8474651
20152016,20160302,20720,67,1,"regular",656,1,0,5,5,"d",-79,16,"Mike Weber blocked shot from Kris Letang","blocked_shot",NULL,"pit","away",8473426,8471724,NULL,"blocker","shooter",NULL,8475810,8476874,8471724,8475832,8464989,NULL,8476899,8477220,8475816,8473426,8474291,8470617,NULL,8474651
20152016,20160302,20720,68,1,"regular",661,1,0,5,5,"d",-80,9,"Mike Weber blocked shot from Kris Letang","blocked_shot",NULL,"pit","away",8473426,8471724,NULL,"blocker","shooter",NULL,8475810,8476874,8471724,8475832,8464989,NULL,8476899,8477220,8475816,8473426,8474291,8470617,NULL,8474651
20152016,20160302,20720,69,1,"regular",673,1,0,5,5,"d",-84,25,"Bryan Rust Slap Shot saved by Braden Holtby","shot","slap shot","pit","away",8475810,8474651,NULL,"shooter","goalie",NULL,8475810,8476874,8471724,8475832,8464989,NULL,8476899,8477220,8475816,8473426,8474291,8470617,NULL,8474651
20152016,20160302,20720,70,1,"regular",674,1,0,5,5,"d",-28,-35,"Jay Beagle hit Olli Maatta","hit",NULL,"wsh","home",8476874,8474291,NULL,"hittee","hitter",NULL,8475810,8476874,8471724,8475832,8464989,NULL,8476899,8477220,8475816,8473426,8474291,8470617,NULL,8474651
20152016,20160302,20720,71,1,"regular",693,1,0,5,5,"o",38,-5,"Tom Wilson Wrist Shot saved by Matthew Murray","shot","wrist shot","wsh","home",8476880,8476899,NULL,"shooter","goalie",NULL,8475208,8470543,8471887,8471675,8470110,NULL,8476899,8475200,8466251,8475149,8476880,8468498,NULL,8474651
20152016,20160302,20720,72,1,"regular",706,1,0,5,5,"d",-70,-9,"Brooks Orpik blocked shot from Trevor Daley","blocked_shot",NULL,"pit","away",8468498,8470110,NULL,"blocker","shooter",NULL,8475208,8470543,8471887,8471675,8470110,NULL,8476899,8475200,8466251,8475149,8476880,8468498,NULL,8474651
20152016,20160302,20720,73,1,"regular",715,1,0,5,5,"d",-74,-40,"Chris Kunitz Tripping against Tom Wilson -- minor -- 2","penalty","tripping","pit","away",8470543,8476880,NULL,"penaltyon","drewby",NULL,8475208,8471887,8470543,8471675,8470110,NULL,8476899,8475200,8466251,8475149,8476880,8468498,NULL,8474651
20152016,20160302,20720,74,1,"regular",715,1,0,5,5,NULL,NULL,NULL,"TV timeout","stop",NULL,NULL,NULL,NULL,NULL,NULL,NULL,NULL,NULL,8475208,8471887,8470543,8471675,8470110,NULL,8476899,8475200,8466251,8475149,8476880,8468498,NULL,8474651
20152016,20160302,20720,75,1,"regular",715,1,0,4,5,"o",69,-21,"T.J. Oshie faceoff won against Nick Bonino","faceoff",NULL,"wsh","home",8471698,8474009,NULL,"winner","loser",NULL,8475832,8474009,8476874,8471724,NULL,NULL,8476899,8475149,8471214,8471698,8471702,8473563,NULL,8474651
20152016,20160302,20720,76,1,"regular",736,1,0,4,5,"o",55,-5,"Nick Bonino","takeaway",NULL,"pit","away",8474009,NULL,NULL,"taker",NULL,NULL,8475832,8474009,8476874,8471724,NULL,NULL,8476899,8475149,8471214,8471698,8471702,8473563,NULL,8474651
20152016,20160302,20720,77,1,"regular",739,1,0,4,5,"o",28,-40,"Marcus Johansson","takeaway",NULL,"wsh","home",8475149,NULL,NULL,"taker",NULL,NULL,8475832,8474009,8476874,8471724,NULL,NULL,8476899,8475149,8471214,8471698,8471702,8473563,NULL,8474651
20152016,20160302,20720,78,1,"regular",745,1,0,4,5,"o",54,-23,"Nicklas Backstrom Snap Shot saved by Matthew Murray","shot","snap shot","wsh","home",8473563,8476899,NULL,"shooter","goalie",NULL,8475832,8474009,8476874,8471724,NULL,NULL,8476899,8475149,8471214,8471698,8471702,8473563,NULL,8474651
20152016,20160302,20720,79,1,"regular",750,1,0,4,5,"o",77,-2,"Marcus Johansson Wrist Shot saved by Matthew Murray","shot","wrist shot","wsh","home",8475149,8476899,NULL,"shooter","goalie",NULL,8475832,8474009,8476874,8471724,NULL,NULL,8476899,8475149,8471214,8471698,8471702,8473563,NULL,8474651
20152016,20160302,20720,80,1,"regular",755,1,0,4,5,"o",27,-29,"Matt Niskanen","giveaway",NULL,"wsh","home",8471702,NULL,NULL,"giver",NULL,NULL,8475832,8474009,8476874,8471724,NULL,NULL,8476899,8475149,8471214,8471698,8471702,8473563,NULL,8474651
20152016,20160302,20720,81,1,"regular",769,1,0,4,5,"n",24,-5,"Marcus Johansson","giveaway",NULL,"wsh","home",8475149,NULL,NULL,"giver",NULL,NULL,8474176,8475208,8474013,8464989,NULL,NULL,8476899,8475149,8471214,8471698,8471702,8473563,NULL,8474651
20152016,20160302,20720,82,1,"regular",803,1,0,4,5,"o",54,24,"Alex Ovechkin Slap Shot saved by Matthew Murray","shot","slap shot","wsh","home",8471214,8476899,NULL,"shooter","goalie",NULL,8474176,8475208,8474013,8464989,NULL,NULL,8476899,8475200,8475744,8466251,8471214,8468508,NULL,8474651
20152016,20160302,20720,83,1,"regular",824,1,0,4,5,"o",49,15,"Alex Ovechkin - Wide of Net","missed_shot",NULL,"wsh","home",8471214,NULL,NULL,"shooter",NULL,NULL,8475832,8474009,8476874,8471724,NULL,NULL,8476899,8475200,8475744,8466251,8471214,8468508,NULL,8474651
20152016,20160302,20720,84,1,"regular",830,1,0,4,5,"o",75,-11,"Nick Bonino blocked shot from Dmitry Orlov","blocked_shot",NULL,"wsh","home",8474009,8475200,NULL,"blocker","shooter",NULL,8475832,8474009,8476874,8471724,NULL,NULL,8476899,8475200,8475744,8466251,8471214,8468508,NULL,8474651
20152016,20160302,20720,85,1,"regular",834,1,0,4,5,"o",66,-36,"Jason Chimera Slap Shot saved by Matthew Murray","shot","slap shot","wsh","home",8466251,8476899,NULL,"shooter","goalie",NULL,8475832,8474009,8476874,8471724,NULL,NULL,8476899,8475200,8475744,8466251,8471214,8468508,NULL,8474651
20152016,20160302,20720,87,1,"regular",835,1,0,4,5,NULL,NULL,NULL,"Goalie Stopped","stop",NULL,NULL,NULL,NULL,NULL,NULL,NULL,NULL,NULL,8475832,8474009,8476874,8471724,NULL,NULL,8476899,8475200,8475744,8466251,8471214,8468508,NULL,8474651
20152016,20160302,20720,86,1,"regular",835,1,0,5,5,"o",68,-22,"Sidney Crosby faceoff won against Jay Beagle","faceoff",NULL,"pit","away",8471675,8474291,NULL,"winner","loser",NULL,8475208,8471887,8470543,8471675,8470110,NULL,8476899,8477444,8473991,8468498,8474291,8470617,NULL,8474651
20152016,20160302,20720,88,1,"regular",841,1,0,5,5,"o",93,15,"Andre Burakovsky","takeaway",NULL,"wsh","home",8477444,NULL,NULL,"taker",NULL,NULL,8475208,8470543,8471887,8471675,8470110,NULL,8476899,8477444,8473991,8468498,8474291,8470617,NULL,8474651
20152016,20160302,20720,89,1,"regular",852,1,0,5,5,"o",67,-14,"Trevor Daley blocked shot from Karl Alzner","blocked_shot",NULL,"wsh","home",8470110,8473991,NULL,"blocker","shooter",NULL,8475208,8470543,8471887,8471675,8470110,NULL,8476899,8477444,8473991,8468498,8474291,8470617,NULL,8474651
20152016,20160302,20720,90,1,"regular",867,1,0,5,5,"n",25,35,"Brooks Orpik hit Patric Hornqvist","hit",NULL,"wsh","home",8471887,8468498,NULL,"hittee","hitter",NULL,8475208,8470543,8471887,8471675,8470110,NULL,8476899,8477444,8473991,8468498,8474291,8470617,NULL,8474651
20152016,20160302,20720,91,1,"regular",876,1,0,5,5,"o",40,3,"Brian Dumoulin","takeaway",NULL,"pit","away",8475208,NULL,NULL,"taker",NULL,NULL,8475208,8470543,8471887,8471675,8470110,NULL,8476899,8477444,8473991,8476880,8468498,8470617,NULL,8474651
20152016,20160302,20720,92,1,"regular",883,1,0,5,5,"d",-69,36,"Andre Burakovsky","takeaway",NULL,"wsh","home",8477444,NULL,NULL,"taker",NULL,NULL,8470543,8471887,8476884,8471675,8474013,NULL,8476899,8477444,8473991,8476880,8468498,8470617,NULL,8474651
20152016,20160302,20720,93,1,"regular",888,1,0,5,5,"d",-37,-1,"Ian Cole Slap Shot saved by Braden Holtby","shot","slap shot","pit","away",8474013,8474651,NULL,"shooter","goalie",NULL,8470543,8471887,8476884,8471675,8474013,NULL,8476899,8477444,8473991,8476880,8468498,8470617,NULL,8474651
20152016,20160302,20720,94,1,"regular",889,1,0,5,5,NULL,NULL,NULL,"Goalie Stopped","stop",NULL,NULL,NULL,NULL,NULL,NULL,NULL,NULL,NULL,8470543,8471887,8476884,8471675,8474013,NULL,8476899,8477444,8473991,8476880,8468498,8470617,NULL,8474651
20152016,20160302,20720,95,1,"regular",889,1,0,5,5,"d",-70,22,"Nicklas Backstrom faceoff won against Evgeni Malkin","faceoff",NULL,"wsh","home",8473563,8471215,NULL,"winner","loser",NULL,8474176,8473548,8471215,8476884,8474013,NULL,8476899,8475200,8468498,8471214,8471698,8473563,NULL,8474651
20152016,20160302,20720,96,1,"regular",902,1,0,5,5,NULL,NULL,NULL,"Offside","stop",NULL,NULL,NULL,NULL,NULL,NULL,NULL,NULL,NULL,8474176,8471724,8473548,8471215,8474013,NULL,8476899,8475200,8468498,8471214,8471698,8473563,NULL,8474651
20152016,20160302,20720,97,1,"regular",902,1,0,5,5,"n",19,22,"Nicklas Backstrom faceoff won against Evgeni Malkin","faceoff",NULL,"wsh","home",8473563,8471215,NULL,"winner","loser",NULL,8474176,8471724,8476874,8473548,8471215,NULL,8476899,8475200,8468498,8471214,8471698,8473563,NULL,8474651
20152016,20160302,20720,98,1,"regular",935,1,0,5,5,"o",93,29,"Evgeni Malkin","giveaway",NULL,"pit","away",8471215,NULL,NULL,"giver",NULL,NULL,8474176,8471724,8476874,8473548,8471215,NULL,8476899,8475200,8468498,8471214,8471698,8473563,NULL,8474651
20152016,20160302,20720,99,1,"regular",957,1,0,5,5,"o",85,-17,"Andre Burakovsky Backhand saved by Matthew Murray","shot","backhand","wsh","home",8477444,8476899,NULL,"shooter","goalie",NULL,8475208,8470543,8471887,8471675,8470110,NULL,8476899,8475744,8477444,8468498,8471702,8468508,NULL,8474651
20152016,20160302,20720,100,1,"regular",958,1,0,5,5,NULL,NULL,NULL,"Goalie Stopped","stop",NULL,NULL,NULL,NULL,NULL,NULL,NULL,NULL,NULL,8475208,8470543,8471887,8471675,8470110,NULL,8476899,8475744,8477444,8468498,8471702,8468508,NULL,8474651
20152016,20160302,20720,101,1,"regular",958,1,0,5,5,"o",69,-22,"Sidney Crosby faceoff won against Evgeny Kuznetsov","faceoff",NULL,"pit","away",8471675,8475744,NULL,"winner","loser",NULL,8475208,8470543,8471887,8471675,8470110,NULL,8476899,8475744,8477444,8473991,8471702,8468508,NULL,8474651
20152016,20160302,20720,102,1,"regular",989,1,0,5,5,"d",-68,1,"Patric Hornqvist - Wide of Net","missed_shot",NULL,"pit","away",8471887,NULL,NULL,"shooter",NULL,NULL,8475208,8470543,8471887,8471675,8470110,NULL,8476899,8475744,8477444,8473991,8471702,8468508,NULL,8474651
20152016,20160302,20720,103,1,"regular",990,1,0,5,5,"d",-90,-9,"Karl Alzner Cross checking against Patric Hornqvist -- minor -- 2","penalty","cross checking","wsh","home",8473991,8471887,NULL,"penaltyon","drewby",NULL,8475208,8470543,8471887,8471675,8470110,NULL,8476899,8475744,8477444,8473991,8471702,8468508,NULL,8474651
20152016,20160302,20720,104,1,"regular",990,1,0,5,4,"d",-70,-23,"Sidney Crosby faceoff won against Jay Beagle","faceoff",NULL,"pit","away",8471675,8474291,NULL,"winner","loser",NULL,8471724,8473548,8471215,8471887,8471675,NULL,8476899,8471698,8474291,8468498,8471702,NULL,NULL,8474651
20152016,20160302,20720,105,1,"regular",1010,1,0,5,4,"d",-34,5,"Kris Letang Slap Shot saved by Braden Holtby","shot","slap shot","pit","away",8471724,8474651,NULL,"shooter","goalie",NULL,8471724,8473548,8471215,8471887,8471675,NULL,8476899,8471698,8474291,8468498,8471702,NULL,NULL,8474651
20152016,20160302,20720,106,1,"regular",1020,1,0,5,4,"o",78,4,"Jay Beagle Tip-In saved by Matthew Murray","shot","tip-in","wsh","home",8474291,8476899,NULL,"shooter","goalie",NULL,8471724,8473548,8471215,8471887,8471675,NULL,8476899,8468498,8474291,8473426,8471698,NULL,NULL,8474651
20152016,20160302,20720,107,1,"regular",1021,1,0,5,4,"o",76,2,"Phil Kessel Slashing against Jay Beagle -- minor -- 2","penalty","slashing","pit","away",8473548,8474291,NULL,"penaltyon","drewby",NULL,8471724,8473548,8471215,8471887,8471675,NULL,8476899,8468498,8471698,8474291,8473426,NULL,NULL,8474651
20152016,20160302,20720,108,1,"regular",1021,1,0,4,4,"o",69,-22,"Matt Cullen faceoff won against Nicklas Backstrom","faceoff",NULL,"pit","away",8464989,8473563,NULL,"winner","loser",NULL,8475810,8471724,8476874,8464989,NULL,NULL,8476899,8475200,8473563,8477220,8471214,NULL,NULL,8474651
20152016,20160302,20720,109,1,"regular",1034,1,0,4,4,"d",-66,6,"Olli Maatta - Over Net","missed_shot",NULL,"pit","away",8476874,NULL,NULL,"shooter",NULL,NULL,8475810,8471724,8476874,8464989,NULL,NULL,8476899,8475200,8473563,8477220,8471214,NULL,NULL,8474651
20152016,20160302,20720,110,1,"regular",1067,1,0,4,4,"d",-68,-22,"Bryan Rust Wrist Shot saved by Braden Holtby","shot","wrist shot","pit","away",8475810,8474651,NULL,"shooter","goalie",NULL,8475208,8475810,8470110,8471215,NULL,NULL,8476899,8475200,8475744,8477220,8477444,NULL,NULL,8474651
20152016,20160302,20720,111,1,"regular",1098,1,0,4,4,"d",-63,-7,"Matt Niskanen hit Evgeni Malkin","hit",NULL,"wsh","home",8471215,8471702,NULL,"hittee","hitter",NULL,8474176,8475208,8470110,8471215,NULL,NULL,8476899,8475744,8468498,8477444,8471702,NULL,NULL,8474651
20152016,20160302,20720,112,1,"regular",1106,1,0,4,4,"o",94,35,"Trevor Daley hit Andre Burakovsky","hit",NULL,"pit","away",8477444,8470110,NULL,"hittee","hitter",NULL,8474176,8475208,8470110,8471215,NULL,NULL,8476899,8475200,8475744,8477444,8471702,NULL,NULL,8474651
20152016,20160302,20720,113,1,"regular",1114,1,0,4,5,"n",-24,-25,"Carl Hagelin Slap Shot saved by Braden Holtby","shot","slap shot","pit","away",8474176,8474651,NULL,"shooter","goalie",NULL,8474176,8475208,8470110,8471215,NULL,NULL,8476899,8475200,8475744,8477444,8473991,8471702,NULL,8474651
20152016,20160302,20720,114,1,"regular",1125,1,0,4,5,NULL,NULL,NULL,"Offside","stop",NULL,NULL,NULL,NULL,NULL,NULL,NULL,NULL,NULL,8475832,8474009,8476874,8471724,NULL,NULL,8476899,8475200,8475149,8471698,8471702,8473563,NULL,8474651
20152016,20160302,20720,115,1,"regular",1125,1,0,4,5,"n",20,-23,"Nick Bonino faceoff won against Nicklas Backstrom","faceoff",NULL,"pit","away",8474009,8473563,NULL,"winner","loser",NULL,8475832,8474009,8476874,8471724,NULL,NULL,8476899,8475149,8471214,8471698,8471702,8473563,NULL,8474651
20152016,20160302,20720,116,1,"regular",1166,1,0,5,5,"o",41,-29,"Nate Schmidt Slap Shot saved by Matthew Murray","shot","slap shot","wsh","home",8477220,8476899,NULL,"shooter","goalie",NULL,8470543,8476874,8471724,8471887,8471675,NULL,8476899,8477220,8473991,8475149,8471698,8470617,NULL,8474651
20152016,20160302,20720,117,1,"regular",1176,1,0,5,5,"n",-18,12,"Nate Schmidt hit Patric Hornqvist","hit",NULL,"wsh","home",8471887,8477220,NULL,"hittee","hitter",NULL,8470543,8476874,8471724,8471887,8471675,NULL,8476899,8477220,8473991,8475149,8471698,8470617,NULL,8474651
20152016,20160302,20720,118,1,"regular",1200,1,0,NULL,NULL,NULL,NULL,NULL,"period end","period_end",NULL,NULL,NULL,NULL,NULL,NULL,NULL,NULL,NULL,NULL,NULL,NULL,NULL,NULL,NULL,NULL,NULL,NULL,NULL,NULL,NULL,NULL,NULL
20152016,20160302,20720,119,1,"regular",1200,1,0,NULL,NULL,NULL,NULL,NULL,"Period Official","period_official",NULL,NULL,NULL,NULL,NULL,NULL,NULL,NULL,NULL,NULL,NULL,NULL,NULL,NULL,NULL,NULL,NULL,NULL,NULL,NULL,NULL,NULL,NULL
20152016,20160302,20720,122,2,"regular",0,1,0,NULL,NULL,NULL,NULL,NULL,"Period Ready","period_ready",NULL,NULL,NULL,NULL,NULL,NULL,NULL,NULL,NULL,NULL,NULL,NULL,NULL,NULL,NULL,NULL,NULL,NULL,NULL,NULL,NULL,NULL,NULL
20152016,20160302,20720,120,2,"regular",0,1,0,NULL,NULL,NULL,NULL,NULL,"Period Start","period_start",NULL,NULL,NULL,NULL,NULL,NULL,NULL,NULL,NULL,NULL,NULL,NULL,NULL,NULL,NULL,NULL,NULL,NULL,NULL,NULL,NULL,NULL,NULL
20152016,20160302,20720,121,2,"regular",0,1,0,5,5,"n",0,1,"Nicklas Backstrom faceoff won against Sidney Crosby","faceoff",NULL,"wsh","home",8473563,8471675,NULL,"winner","loser",NULL,8470543,8476874,8471724,8471887,8471675,NULL,8476899,8473991,8471214,8471698,8471702,8473563,NULL,8474651
20152016,20160302,20720,123,2,"regular",10,1,0,5,5,"o",-51,-4,"T.J. Oshie Wrist Shot saved by Matthew Murray","shot","wrist shot","wsh","home",8471698,8476899,NULL,"shooter","goalie",NULL,8470543,8476874,8471724,8471887,8471675,NULL,8476899,8473991,8471214,8471698,8471702,8473563,NULL,8474651
20152016,20160302,20720,124,2,"regular",17,1,0,5,5,"o",-48,-31,"Alex Ovechkin","giveaway",NULL,"wsh","home",8471214,NULL,NULL,"giver",NULL,NULL,8470543,8476874,8471724,8471887,8471675,NULL,8476899,8473991,8471214,8471698,8471702,8473563,NULL,8474651
20152016,20160302,20720,125,2,"regular",59,1,0,5,5,"d",82,29,"Carl Hagelin Wrist Shot saved by Braden Holtby","shot","wrist shot","pit","away",8474176,8474651,NULL,"shooter","goalie",NULL,8474176,8473548,8476874,8471724,8471215,NULL,8476899,8475200,8475744,8477444,8468498,8468508,NULL,8474651
20152016,20160302,20720,126,2,"regular",61,1,0,5,5,"d",72,-1,"Brooks Orpik blocked shot from Evgeni Malkin","blocked_shot",NULL,"pit","away",8468498,8471215,NULL,"blocker","shooter",NULL,8474176,8475208,8473548,8471215,8470110,NULL,8476899,8475200,8475744,8477444,8468498,8468508,NULL,8474651
20152016,20160302,20720,127,2,"regular",74,1,0,5,5,"o",-85,22,"Andre Burakovsky Wrist Shot saved by Matthew Murray","shot","wrist shot","wsh","home",8477444,8476899,NULL,"shooter","goalie",NULL,8474176,8475208,8473548,8471215,8470110,NULL,8476899,8475200,8475744,8477444,8468498,8468508,NULL,8474651
20152016,20160302,20720,128,2,"regular",93,1,0,5,5,"o",-30,-3,"Tom Kuhnhackl","takeaway",NULL,"pit","away",8475832,NULL,NULL,"taker",NULL,NULL,8475810,8474013,8476884,8475832,8464989,NULL,8476899,8475200,8475744,8477444,8477220,8468508,NULL,8474651
20152016,20160302,20720,129,2,"regular",103,1,0,5,5,"d",40,29,"Derrick Pouliot - Wide of Net","missed_shot",NULL,"pit","away",8476884,NULL,NULL,"shooter",NULL,NULL,8475810,8474013,8476884,8475832,8464989,NULL,8476899,8475200,8477220,8475149,8477444,8468508,NULL,8474651
20152016,20160302,20720,130,2,"regular",108,1,0,5,5,"d",68,-3,"Matt Cullen Wrist Shot saved by Braden Holtby","shot","wrist shot","pit","away",8464989,8474651,NULL,"shooter","goalie",NULL,8475810,8474013,8476884,8475832,8464989,NULL,8476899,8475200,8477220,8475149,8477444,8468508,NULL,8474651
20152016,20160302,20720,132,2,"regular",121,1,0,5,5,"d",72,0,"Derrick Pouliot Wrist Shot saved by Braden Holtby","shot","wrist shot","pit","away",8476884,8474651,NULL,"shooter","goalie",NULL,8475810,8474013,8476884,8475832,8464989,NULL,8476899,8475200,8477220,8475149,8477444,8468508,NULL,8474651
20152016,20160302,20720,131,2,"regular",120,1,0,5,5,"o",-97,-21,"Dmitry Orlov","giveaway",NULL,"wsh","home",8475200,NULL,NULL,"giver",NULL,NULL,8475810,8474013,8476884,8475832,8464989,NULL,8476899,8475200,8477220,8475149,8477444,8468508,NULL,8474651
20152016,20160302,20720,133,2,"regular",126,1,0,5,5,"d",79,-10,"Derrick Pouliot - Wide of Net","missed_shot",NULL,"pit","away",8476884,NULL,NULL,"shooter",NULL,NULL,8475810,8474013,8476884,8475832,8464989,NULL,8476899,8475200,8477220,8475149,8477444,8468508,NULL,8474651
20152016,20160302,20720,134,2,"regular",129,1,0,5,5,"d",96,-33,"Dmitry Orlov hit Matt Cullen","hit",NULL,"wsh","home",8464989,8475200,NULL,"hittee","hitter",NULL,8475810,8474013,8476884,8475832,8464989,NULL,8476899,8475200,8477220,8475149,8477444,8468508,NULL,8474651
20152016,20160302,20720,135,2,"regular",131,1,0,5,5,"d",76,-3,"Nate Schmidt blocked shot from Tom Kuhnhackl","blocked_shot",NULL,"pit","away",8477220,8475832,NULL,"blocker","shooter",NULL,8475810,8474013,8476884,8475832,8464989,NULL,8476899,8475200,8477220,8475149,8477444,8468508,NULL,8474651
20152016,20160302,20720,136,2,"regular",165,1,0,5,5,"o",-70,-10,"Scott Wilson blocked shot from Brooks Orpik","blocked_shot",NULL,"wsh","home",8476293,8468498,NULL,"blocker","shooter",NULL,8471331,8476293,8475208,8474009,8470110,NULL,8476899,8475816,8475149,8468498,8474291,8473426,NULL,8474651
20152016,20160302,20720,137,2,"regular",200,1,0,5,5,"d",95,-33,"Patric Hornqvist hit Nicklas Backstrom","hit",NULL,"pit","away",8473563,8471887,NULL,"hittee","hitter",NULL,8470543,8476874,8471724,8471887,8471675,NULL,8476899,8473991,8475816,8474291,8471702,8473563,NULL,8474651
20152016,20160302,20720,138,2,"regular",215,1,0,5,5,"o",-57,8,"Stanislav Galiev Wrist Shot saved by Matthew Murray","shot","wrist shot","wsh","home",8475816,8476899,NULL,"shooter","goalie",NULL,8470543,8476874,8471724,8471887,8471675,NULL,8476899,8473991,8475816,8474291,8471702,8473563,NULL,8474651
20152016,20160302,20720,139,2,"regular",225,1,0,5,5,"d",78,-2,"Patric Hornqvist (16) Backhand; assists: Olli Maatta (12); Sidney Crosby (35)","goal","backhand","pit","away",8476874,8471675,8471887,"assist1","assist2","scorer",8476874,8471724,8470543,8471887,8471675,NULL,8476899,8473563,8473991,8471214,8471698,8471702,NULL,8474651
20152016,20160302,20720,140,2,"regular",225,2,0,5,5,"n",-1,-1,"Mike Richards faceoff won against Evgeni Malkin","faceoff",NULL,"wsh","home",8470617,8471215,NULL,"winner","loser",NULL,8474176,8473548,8471215,8476884,8474013,NULL,8476899,8477220,8466251,8476880,8473426,8470617,NULL,8474651
20152016,20160302,20720,141,2,"regular",262,2,0,5,5,"o",-48,14,"Evgeni Malkin blocked shot from Nate Schmidt","blocked_shot",NULL,"wsh","home",8471215,8477220,NULL,"blocker","shooter",NULL,8474176,8473548,8471215,8476884,8474013,NULL,8476899,8477220,8466251,8476880,8473426,8470617,NULL,8474651
20152016,20160302,20720,142,2,"regular",263,2,0,5,5,"o",-98,19,"Carl Hagelin hit Tom Wilson","hit",NULL,"pit","away",8476880,8474176,NULL,"hittee","hitter",NULL,8474176,8473548,8471215,8476884,8474013,NULL,8476899,8477220,8466251,8476880,8473426,8470617,NULL,8474651
20152016,20160302,20720,143,2,"regular",264,2,0,5,5,"o",-77,6,"Mike Richards (2) Wrist Shot; assists: Nate Schmidt (13); Jason Chimera (17)","goal","wrist shot","wsh","home",8477220,8466251,8470617,"assist1","assist2","scorer",8474176,8473548,8471215,8476884,8474013,NULL,8476899,8477220,8466251,8476880,8473426,8470617,NULL,8474651
20152016,20160302,20720,144,2,"regular",264,2,1,5,5,"n",1,0,"Brian Dumoulin faceoff won against Evgeny Kuznetsov","faceoff",NULL,"pit","away",8475208,8475744,NULL,"winner","loser",NULL,8475810,8475208,8475832,8464989,8470110,NULL,8476899,8475744,8477444,8471214,8473426,8477220,NULL,8474651
20152016,20160302,20720,145,2,"regular",299,2,1,5,5,"d",42,40,"Dmitry Orlov hit Bryan Rust","hit",NULL,"wsh","home",8475810,8475200,NULL,"hittee","hitter",NULL,8475810,8475208,8475832,8464989,8470110,NULL,8476899,8475200,8475744,8477444,8471214,8468498,NULL,8474651
20152016,20160302,20720,146,2,"regular",323,2,1,5,5,"o",-89,-21,"Jason Chimera Embellishment against Kris Letang -- minor -- 2","penalty","embellishment","wsh","home",8466251,8471724,NULL,"penaltyon","drewby",NULL,8476874,8471724,8471887,8475832,8471675,NULL,8476899,8475200,8466251,8476880,8468498,8470617,NULL,8474651
20152016,20160302,20720,147,2,"regular",323,2,1,5,5,"o",-90,-14,"Kris Letang Holding against Jason Chimera -- minor -- 2","penalty","holding","pit","away",8471724,8466251,NULL,"penaltyon","drewby",NULL,8476874,8471724,8471887,8475832,8471675,NULL,8476899,8475200,8466251,8476880,8468498,8470617,NULL,8474651
20152016,20160302,20720,148,2,"regular",323,2,1,4,4,"n",19,23,"Nicklas Backstrom faceoff won against Evgeni Malkin","faceoff",NULL,"wsh","home",8473563,8471215,NULL,"winner","loser",NULL,8476874,8473548,8470110,8471215,NULL,NULL,8476899,8473563,8471702,8471214,8473991,NULL,NULL,8474651
20152016,20160302,20720,149,2,"regular",347,2,1,4,4,"o",-36,36,"Alex Ovechkin hit Evgeni Malkin","hit",NULL,"wsh","home",8471215,8471214,NULL,"hittee","hitter",NULL,8476874,8473548,8470110,8471215,NULL,NULL,8476899,8473563,8471702,8471214,8473991,NULL,NULL,8474651
20152016,20160302,20720,150,2,"regular",348,2,1,4,4,"o",-88,18,"Trevor Daley blocked shot from Alex Ovechkin","blocked_shot",NULL,"wsh","home",8470110,8471214,NULL,"blocker","shooter",NULL,8476874,8473548,8470110,8471215,NULL,NULL,8476899,8473563,8471702,8471214,8473991,NULL,NULL,8474651
20152016,20160302,20720,151,2,"regular",359,2,1,4,4,"o",-54,20,"Matt Niskanen Snap Shot saved by Matthew Murray","shot","snap shot","wsh","home",8471702,8476899,NULL,"shooter","goalie",NULL,8476874,8473548,8470110,8471215,NULL,NULL,8476899,8473563,8471702,8471214,8473991,NULL,NULL,8474651
20152016,20160302,20720,152,2,"regular",366,2,1,4,4,"d",85,-10,"Evgeni Malkin Wrist Shot saved by Braden Holtby","shot","wrist shot","pit","away",8471215,8474651,NULL,"shooter","goalie",NULL,8475208,8473548,8470110,8471215,NULL,NULL,8476899,8473563,8471702,8471214,8473991,NULL,NULL,8474651
20152016,20160302,20720,153,2,"regular",375,2,1,4,4,"d",61,18,"Brian Dumoulin Slap Shot saved by Braden Holtby","shot","slap shot","pit","away",8475208,8474651,NULL,"shooter","goalie",NULL,8475208,8473548,8474013,8471215,NULL,NULL,8476899,8473563,8471702,8471214,8473991,NULL,NULL,8474651
20152016,20160302,20720,154,2,"regular",398,2,1,4,4,"o",-50,-36,"Patric Hornqvist","takeaway",NULL,"pit","away",8471887,NULL,NULL,"taker",NULL,NULL,8475208,8471887,8471675,8474013,NULL,NULL,8476899,8475200,8475744,8468498,8475149,NULL,NULL,8474651
20152016,20160302,20720,155,2,"regular",403,2,1,4,4,"n",-4,-38,"Brooks Orpik","takeaway",NULL,"wsh","home",8468498,NULL,NULL,"taker",NULL,NULL,8475208,8471887,8471675,8474013,NULL,NULL,8476899,8475200,8475744,8468498,8475149,NULL,NULL,8474651
20152016,20160302,20720,156,2,"regular",412,2,1,4,4,"o",-78,10,"Ian Cole Hooking against Dmitry Orlov -- minor -- 2","penalty","hooking","pit","away",8474013,8475200,NULL,"penaltyon","drewby",NULL,8475208,8471675,8474013,8471887,NULL,NULL,8476899,8475200,8475744,8468498,8475149,NULL,NULL,8474651
20152016,20160302,20720,157,2,"regular",412,2,1,4,4,"o",-77,7,"Dmitry Orlov Embellishment against Ian Cole -- minor -- 2","penalty","embellishment","wsh","home",8475200,8474013,NULL,"penaltyon","drewby",NULL,8475208,8471675,8474013,8471887,NULL,NULL,8476899,8475200,8475744,8468498,8475149,NULL,NULL,8474651
20152016,20160302,20720,158,2,"regular",412,2,1,4,4,NULL,NULL,NULL,"TV timeout","stop",NULL,NULL,NULL,NULL,NULL,NULL,NULL,NULL,NULL,8475208,8471675,8474013,8471887,NULL,NULL,8476899,8475200,8475744,8468498,8475149,NULL,NULL,8474651
20152016,20160302,20720,159,2,"regular",412,2,1,4,4,"o",-69,22,"Evgeny Kuznetsov faceoff won against Sidney Crosby","faceoff",NULL,"wsh","home",8475744,8471675,NULL,"winner","loser",NULL,8475208,8471675,8470110,8470543,NULL,NULL,8476899,8475744,8477444,8468498,8477220,NULL,NULL,8474651
20152016,20160302,20720,160,2,"regular",424,2,1,4,4,"o",-48,-24,"Nate Schmidt Slap Shot saved by Matthew Murray","shot","slap shot","wsh","home",8477220,8476899,NULL,"shooter","goalie",NULL,8475208,8470543,8471675,8470110,NULL,NULL,8476899,8475744,8477444,8468498,8477220,NULL,NULL,8474651
20152016,20160302,20720,161,2,"regular",448,2,1,5,5,NULL,NULL,NULL,"Offside","stop",NULL,NULL,NULL,NULL,NULL,NULL,NULL,NULL,NULL,8475208,8471724,8470543,8471675,8470110,NULL,8476899,8475744,8477444,8466251,8468498,8477220,NULL,8474651
20152016,20160302,20720,162,2,"regular",448,2,1,5,5,"n",19,-23,"Nicklas Backstrom faceoff won against Carl Hagelin","faceoff",NULL,"wsh","home",8473563,8474176,NULL,"winner","loser",NULL,8474176,8473548,8476874,8471724,8471215,NULL,8476899,8473563,8473991,8471214,8471698,8471702,NULL,8474651
20152016,20160302,20720,163,2,"regular",503,2,1,5,5,"o",-83,13,"Alex Ovechkin Wrist Shot saved by Matthew Murray","shot","wrist shot","wsh","home",8471214,8476899,NULL,"shooter","goalie",NULL,8474176,8471724,8476874,8473548,8471215,NULL,8476899,8477220,8473991,8471214,8476880,8473563,NULL,8474651
20152016,20160302,20720,164,2,"regular",504,2,1,5,5,NULL,NULL,NULL,"Goalie Stopped","stop",NULL,NULL,NULL,NULL,NULL,NULL,NULL,NULL,NULL,8474176,8473548,8476874,8471724,8471215,NULL,8476899,8477220,8473991,8471214,8476880,8473563,NULL,8474651
20152016,20160302,20720,165,2,"regular",504,2,1,5,5,"o",-70,23,"Marcus Johansson faceoff won against Nick Bonino","faceoff",NULL,"wsh","home",8475149,8474009,NULL,"winner","loser",NULL,8471331,8476293,8475208,8474009,8470110,NULL,8476899,8477220,8466251,8475149,8476880,8473426,NULL,8474651
20152016,20160302,20720,166,2,"regular",514,2,1,5,5,"d",49,29,"Scott Wilson Wrist Shot saved by Braden Holtby","shot","wrist shot","pit","away",8476293,8474651,NULL,"shooter","goalie",NULL,8471331,8476293,8475208,8474009,8470110,NULL,8476899,8477220,8466251,8475149,8476880,8473426,NULL,8474651
20152016,20160302,20720,167,2,"regular",515,2,1,5,5,NULL,NULL,NULL,"Goalie Stopped","stop",NULL,NULL,NULL,NULL,NULL,NULL,NULL,NULL,NULL,8471331,8476293,8475208,8474009,8470110,NULL,8476899,8477220,8466251,8475149,8476880,8473426,NULL,8474651
20152016,20160302,20720,168,2,"regular",515,2,1,5,5,"d",69,-21,"Mike Richards faceoff won against Nick Bonino","faceoff",NULL,"wsh","home",8470617,8474009,NULL,"winner","loser",NULL,8471331,8476293,8476884,8474009,8470110,NULL,8476899,8477220,8466251,8476880,8473426,8470617,NULL,8474651
20152016,20160302,20720,169,2,"regular",537,2,1,5,5,"d",67,-3,"Nate Schmidt blocked shot from Scott Wilson","blocked_shot",NULL,"pit","away",8477220,8476293,NULL,"blocker","shooter",NULL,8471331,8476293,8476884,8474009,8470110,NULL,8476899,8477220,8466251,8476880,8473426,8470617,NULL,8474651
20152016,20160302,20720,170,2,"regular",555,2,1,5,5,"n",7,41,"Tom Wilson hit Scott Wilson","hit",NULL,"wsh","home",8476293,8476880,NULL,"hittee","hitter",NULL,8471331,8476293,8476884,8464989,8470110,NULL,8476899,8477220,8466251,8476880,8473426,8470617,NULL,8474651
20152016,20160302,20720,171,2,"regular",617,2,1,5,5,"o",-67,1,"Kris Letang blocked shot from Matt Niskanen","blocked_shot",NULL,"wsh","home",8471724,8471702,NULL,"blocker","shooter",NULL,8475810,8475208,8471724,8475832,8464989,NULL,8476899,8473991,8475816,8475149,8474291,8471702,NULL,8474651
20152016,20160302,20720,172,2,"regular",640,2,1,5,5,"o",-71,9,"Trevor Daley blocked shot from Brooks Orpik","blocked_shot",NULL,"wsh","home",8470110,8468498,NULL,"blocker","shooter",NULL,8475208,8470543,8471887,8471675,8470110,NULL,8476899,8475744,8477220,8468498,8477444,8468508,NULL,8474651
20152016,20160302,20720,173,2,"regular",651,2,1,5,5,"o",-97,-13,"Trevor Daley","giveaway",NULL,"pit","away",8470110,NULL,NULL,"giver",NULL,NULL,8475208,8470543,8471887,8471675,8470110,NULL,8476899,8475744,8477220,8468498,8477444,8468508,NULL,8474651
20152016,20160302,20720,174,2,"regular",666,2,1,5,5,"o",-96,14,"Sidney Crosby hit Justin Williams","hit",NULL,"pit","away",8468508,8471675,NULL,"hittee","hitter",NULL,8475208,8470543,8471887,8471675,8470110,NULL,8476899,8475744,8477220,8468498,8477444,8468508,NULL,8474651
20152016,20160302,20720,175,2,"regular",693,2,1,5,5,"d",46,23,"Andre Burakovsky blocked shot from Carl Hagelin","blocked_shot",NULL,"pit","away",8477444,8474176,NULL,"blocker","shooter",NULL,8474176,8471724,8473548,8471215,8476884,NULL,8476899,8475744,8477220,8468498,8477444,8468508,NULL,8474651
20152016,20160302,20720,176,2,"regular",696,2,1,5,5,"d",77,6,"Nate Schmidt blocked shot from Carl Hagelin","blocked_shot",NULL,"pit","away",8477220,8474176,NULL,"blocker","shooter",NULL,8474176,8471724,8473548,8471215,8476884,NULL,8476899,8475744,8477220,8468498,8477444,8468508,NULL,8474651
20152016,20160302,20720,177,2,"regular",698,2,1,5,5,"d",77,-2,"Derrick Pouliot Wrist Shot saved by Braden Holtby","shot","wrist shot","pit","away",8476884,8474651,NULL,"shooter","goalie",NULL,8474176,8471724,8473548,8471215,8476884,NULL,8476899,8475744,8477220,8468498,8477444,8468508,NULL,8474651
20152016,20160302,20720,178,2,"regular",699,2,1,5,5,NULL,NULL,NULL,"Goalie Stopped","stop",NULL,NULL,NULL,NULL,NULL,NULL,NULL,NULL,NULL,8474176,8471724,8473548,8471215,8476884,NULL,8476899,8475744,8477220,8468498,8477444,8468508,NULL,8474651
20152016,20160302,20720,179,2,"regular",699,2,1,5,5,"d",69,-22,"Evgeni Malkin faceoff won against Nicklas Backstrom","faceoff",NULL,"pit","away",8471215,8473563,NULL,"winner","loser",NULL,8474176,8471724,8476874,8473548,8471215,NULL,8476899,8475200,8468498,8471214,8471698,8473563,NULL,8474651
20152016,20160302,20720,180,2,"regular",710,2,1,5,5,"d",78,-8,"Dmitry Orlov Tripping against Carl Hagelin -- minor -- 2","penalty","tripping","wsh","home",8475200,8474176,NULL,"penaltyon","drewby",NULL,8474176,8471724,8476874,8473548,8471215,NULL,8476899,8475200,8468498,8471214,8471698,8473563,NULL,8474651
20152016,20160302,20720,181,2,"regular",710,2,1,5,4,"d",68,-23,"Sidney Crosby faceoff won against Mike Richards","faceoff",NULL,"pit","away",8471675,8470617,NULL,"winner","loser",NULL,8471724,8473548,8471215,8471887,8471675,NULL,8476899,8476880,8470617,8471702,8473991,NULL,NULL,8474651
20152016,20160302,20720,182,2,"regular",718,2,1,5,4,"d",45,-18,"Mike Richards blocked shot from Evgeni Malkin","blocked_shot",NULL,"pit","away",8470617,8471215,NULL,"blocker","shooter",NULL,8471724,8473548,8471215,8471887,8471675,NULL,8476899,8476880,8470617,8471702,8473991,NULL,NULL,8474651
20152016,20160302,20720,183,2,"regular",735,2,1,5,4,"d",69,-5,"Tom Wilson blocked shot from Evgeni Malkin","blocked_shot",NULL,"pit","away",8476880,8471215,NULL,"blocker","shooter",NULL,8471724,8473548,8471215,8471887,8471675,NULL,8476899,8476880,8470617,8471702,8473991,NULL,NULL,8474651
20152016,20160302,20720,184,2,"regular",736,2,1,5,4,NULL,NULL,NULL,"Puck in Netting","stop",NULL,NULL,NULL,NULL,NULL,NULL,NULL,NULL,NULL,8471724,8473548,8471215,8471887,8471675,NULL,8476899,8476880,8470617,8471702,8473991,NULL,NULL,8474651
20152016,20160302,20720,185,2,"regular",736,2,1,5,4,"d",68,23,"Jay Beagle faceoff won against Sidney Crosby","faceoff",NULL,"wsh","home",8474291,8471675,NULL,"winner","loser",NULL,8471724,8473548,8471215,8471887,8471675,NULL,8476899,8471698,8474291,8471702,8473991,NULL,NULL,8474651
20152016,20160302,20720,186,2,"regular",783,2,1,5,4,"d",93,34,"Matt Niskanen hit Phil Kessel","hit",NULL,"wsh","home",8473548,8471702,NULL,"hittee","hitter",NULL,8471724,8473548,8471215,8471887,8471675,NULL,8476899,8471698,8474291,8471702,8473991,NULL,NULL,8474651
20152016,20160302,20720,187,2,"regular",791,2,1,5,4,"d",97,5,"Karl Alzner hit Evgeni Malkin","hit",NULL,"wsh","home",8471215,8473991,NULL,"hittee","hitter",NULL,8471724,8473548,8471215,8471887,8471675,NULL,8476899,8471698,8474291,8471702,8473991,NULL,NULL,8474651
20152016,20160302,20720,188,2,"regular",844,2,1,5,5,"d",28,-16,"Trevor Daley","takeaway",NULL,"pit","away",8470110,NULL,NULL,"taker",NULL,NULL,8476293,8470543,8476884,8474009,8470110,NULL,8476899,8477220,8471214,8476880,8468498,8470617,NULL,8474651
20152016,20160302,20720,189,2,"regular",846,2,1,5,5,"d",73,12,"Brooks Orpik blocked shot from Nick Bonino","blocked_shot",NULL,"pit","away",8468498,8474009,NULL,"blocker","shooter",NULL,8476293,8470543,8476884,8474009,8470110,NULL,8476899,8477220,8471214,8476880,8468498,8470617,NULL,8474651
20152016,20160302,20720,190,2,"regular",859,2,1,5,5,"o",-46,30,"Derrick Pouliot","takeaway",NULL,"pit","away",8476884,NULL,NULL,"taker",NULL,NULL,8476293,8470543,8476884,8474009,8470110,NULL,8476899,8477220,8471214,8476880,8468498,8470617,NULL,8474651
20152016,20160302,20720,191,2,"regular",863,2,1,5,5,"o",-92,-37,"Tom Wilson hit Derrick Pouliot","hit",NULL,"wsh","home",8476884,8476880,NULL,"hittee","hitter",NULL,8476293,8470543,8476884,8474009,8470110,NULL,8476899,8475200,8471214,8476880,8473426,8470617,NULL,8474651
20152016,20160302,20720,192,2,"regular",865,2,1,5,5,"o",-93,-34,"Alex Ovechkin hit Chris Kunitz","hit",NULL,"wsh","home",8470543,8471214,NULL,"hittee","hitter",NULL,8476293,8470543,8476884,8474009,8470110,NULL,8476899,8475200,8471214,8476880,8473426,8470617,NULL,8474651
20152016,20160302,20720,193,2,"regular",889,2,1,5,5,"d",72,-17,"Bryan Rust Wrist Shot saved by Braden Holtby","shot","wrist shot","pit","away",8475810,8474651,NULL,"shooter","goalie",NULL,8475810,8475208,8474013,8475832,8464989,NULL,8476899,8475200,8475744,8475149,8473426,8473563,NULL,8474651
20152016,20160302,20720,194,2,"regular",890,2,1,5,5,"d",68,2,"Tom Kuhnhackl Slap Shot saved by Braden Holtby","shot","slap shot","pit","away",8475832,8474651,NULL,"shooter","goalie",NULL,8475810,8475208,8474013,8475832,8464989,NULL,8476899,8475200,8475744,8475149,8473426,8473563,NULL,8474651
20152016,20160302,20720,196,2,"regular",891,2,1,5,5,NULL,NULL,NULL,"Goalie Stopped","stop",NULL,NULL,NULL,NULL,NULL,NULL,NULL,NULL,NULL,8475810,8475208,8474013,8475832,8464989,NULL,8476899,8475200,8475744,8475149,8473426,8473563,NULL,8474651
20152016,20160302,20720,195,2,"regular",891,2,1,5,5,"d",69,22,"Matt Cullen faceoff won against Nicklas Backstrom","faceoff",NULL,"pit","away",8464989,8473563,NULL,"winner","loser",NULL,8475810,8475208,8474013,8475832,8464989,NULL,8476899,8473563,8477220,8466251,8475149,8473426,NULL,8474651
20152016,20160302,20720,197,2,"regular",897,2,1,5,5,"d",75,8,"Marcus Johansson blocked shot from Brian Dumoulin","blocked_shot",NULL,"pit","away",8475149,8475208,NULL,"blocker","shooter",NULL,8475810,8475208,8474013,8475832,8464989,NULL,8476899,8473563,8477220,8466251,8475149,8473426,NULL,8474651
20152016,20160302,20720,198,2,"regular",902,2,1,5,5,"o",-82,-7,"Jason Chimera - Wide of Net","missed_shot",NULL,"wsh","home",8466251,NULL,NULL,"shooter",NULL,NULL,8475810,8475208,8474013,8475832,8464989,NULL,8476899,8473563,8477220,8466251,8475149,8473426,NULL,8474651
20152016,20160302,20720,199,2,"regular",904,2,1,5,5,NULL,NULL,NULL,"Goalie Stopped","stop",NULL,NULL,NULL,NULL,NULL,NULL,NULL,NULL,NULL,8475810,8475208,8474013,8475832,8464989,NULL,8476899,8473563,8477220,8466251,8475149,8473426,NULL,8474651
20152016,20160302,20720,200,2,"regular",904,2,1,5,5,"o",-69,-21,"Nicklas Backstrom faceoff won against Matt Cullen","faceoff",NULL,"wsh","home",8473563,8464989,NULL,"winner","loser",NULL,8475810,8475208,8474013,8475832,8464989,NULL,8476899,8473563,8477220,8466251,8475149,8473426,NULL,8474651
20152016,20160302,20720,201,2,"regular",916,2,1,5,5,"n",12,34,"Mike Weber hit Bryan Rust","hit",NULL,"wsh","home",8475810,8473426,NULL,"hittee","hitter",NULL,8475810,8475208,8474013,8475832,8464989,NULL,8476899,8473563,8477220,8466251,8475149,8473426,NULL,8474651
20152016,20160302,20720,202,2,"regular",923,2,1,5,5,NULL,NULL,NULL,"Icing","stop",NULL,NULL,NULL,NULL,NULL,NULL,NULL,NULL,NULL,8475810,8475208,8464989,8475832,8474013,NULL,8476899,8473563,8477220,8466251,8475149,8473426,NULL,8474651
20152016,20160302,20720,203,2,"regular",923,2,1,5,5,"d",69,-22,"Nicklas Backstrom faceoff won against Evgeni Malkin","faceoff",NULL,"wsh","home",8473563,8471215,NULL,"winner","loser",NULL,8474176,8473548,8476874,8471724,8471215,NULL,8476899,8473563,8477220,8466251,8475149,8473426,NULL,8474651
20152016,20160302,20720,204,2,"regular",932,2,1,5,5,"n",16,36,"Marcus Johansson","giveaway",NULL,"wsh","home",8475149,NULL,NULL,"giver",NULL,NULL,8474176,8471724,8476874,8473548,8471215,NULL,8476899,8473563,8477220,8466251,8475149,8473426,NULL,8474651
20152016,20160302,20720,205,2,"regular",935,2,1,5,5,"o",-34,37,"Jason Chimera hit Kris Letang","hit",NULL,"wsh","home",8471724,8466251,NULL,"hittee","hitter",NULL,8474176,8473548,8476874,8471724,8471215,NULL,8476899,8473563,8477220,8466251,8475149,8473426,NULL,8474651
20152016,20160302,20720,206,2,"regular",935,2,1,5,5,NULL,NULL,NULL,"Puck in Crowd","stop",NULL,NULL,NULL,NULL,NULL,NULL,NULL,NULL,NULL,8474176,8473548,8476874,8471724,8471215,NULL,8476899,8473563,8477220,8466251,8475149,8473426,NULL,8474651
20152016,20160302,20720,207,2,"regular",935,2,1,5,5,"n",-21,21,"Nick Bonino faceoff won against Evgeny Kuznetsov","faceoff",NULL,"pit","away",8474009,8475744,NULL,"winner","loser",NULL,8471331,8476293,8476874,8471724,8474009,NULL,8476899,8475200,8475744,8477444,8468498,8468508,NULL,8474651
20152016,20160302,20720,208,2,"regular",947,2,1,5,5,"d",61,26,"Dmitry Orlov blocked shot from Nick Bonino","blocked_shot",NULL,"pit","away",8475200,8474009,NULL,"blocker","shooter",NULL,8471331,8476293,8476874,8471724,8474009,NULL,8476899,8475200,8475744,8477444,8468498,8468508,NULL,8474651
20152016,20160302,20720,209,2,"regular",962,2,1,5,5,"o",-81,4,"Justin Williams Backhand saved by Matthew Murray","shot","backhand","wsh","home",8468508,8476899,NULL,"shooter","goalie",NULL,8471331,8476293,8476874,8471724,8474009,NULL,8476899,8475200,8475744,8477444,8468498,8468508,NULL,8474651
20152016,20160302,20720,210,2,"regular",963,2,1,5,5,"o",-84,6,"Evgeny Kuznetsov (20) Wrist Shot; assists: Justin Williams (25); Andre Burakovsky (18)","goal","wrist shot","wsh","home",8468508,8477444,8475744,"assist1","assist2","scorer",8471331,8476293,8476874,8471724,8474009,NULL,8476899,8475200,8475744,8477444,8468498,8468508,NULL,8474651
20152016,20160302,20720,211,2,"regular",963,2,2,5,5,"n",2,1,"Mike Richards faceoff won against Sidney Crosby","faceoff",NULL,"wsh","home",8470617,8471675,NULL,"winner","loser",NULL,8475208,8471887,8470543,8471675,8470110,NULL,8476899,8473991,8471214,8474291,8471702,8470617,NULL,8474651
20152016,20160302,20720,212,2,"regular",985,2,2,5,5,"o",-51,-39,"Mike Richards hit Brian Dumoulin","hit",NULL,"wsh","home",8475208,8470617,NULL,"hittee","hitter",NULL,8475208,8470543,8471887,8471675,8470110,NULL,8476899,8473991,8471214,8474291,8471702,8470617,NULL,8474651
20152016,20160302,20720,213,2,"regular",992,2,2,5,5,"o",-88,16,"Jay Beagle Wrist Shot saved by Matthew Murray","shot","wrist shot","wsh","home",8474291,8476899,NULL,"shooter","goalie",NULL,8475208,8470543,8471887,8471675,8470110,NULL,8476899,8473991,8471214,8474291,8471702,8470617,NULL,8474651
20152016,20160302,20720,214,2,"regular",994,2,2,5,5,"o",-79,-5,"Mike Richards Tip-In saved by Matthew Murray","shot","tip-in","wsh","home",8470617,8476899,NULL,"shooter","goalie",NULL,8475208,8470543,8471887,8471675,8470110,NULL,8476899,8473991,8471214,8474291,8471702,8470617,NULL,8474651
20152016,20160302,20720,215,2,"regular",995,2,2,5,5,NULL,NULL,NULL,"Goalie Stopped","stop",NULL,NULL,NULL,NULL,NULL,NULL,NULL,NULL,NULL,8475208,8470543,8471887,8471675,8470110,NULL,8476899,8473991,8471214,8474291,8471702,8470617,NULL,8474651
20152016,20160302,20720,216,2,"regular",995,2,2,5,5,"o",-69,-23,"Matt Cullen faceoff won against Mike Richards","faceoff",NULL,"pit","away",8464989,8470617,NULL,"winner","loser",NULL,8475810,8464989,8476884,8475832,8474013,NULL,8476899,8477220,8471214,8473426,8474291,8470617,NULL,8474651
20152016,20160302,20720,217,2,"regular",1004,2,2,5,5,"o",-55,-35,"Alex Ovechkin Wrist Shot saved by Matthew Murray","shot","wrist shot","wsh","home",8471214,8476899,NULL,"shooter","goalie",NULL,8475810,8474013,8476884,8475832,8464989,NULL,8476899,8477220,8471214,8473426,8474291,8470617,NULL,8474651
20152016,20160302,20720,218,2,"regular",1006,2,2,5,5,"o",-79,-1,"Jay Beagle Wrist Shot saved by Matthew Murray","shot","wrist shot","wsh","home",8474291,8476899,NULL,"shooter","goalie",NULL,8475810,8474013,8476884,8475832,8464989,NULL,8476899,8477220,8471214,8473426,8474291,8470617,NULL,8474651
20152016,20160302,20720,219,2,"regular",1008,2,2,5,5,NULL,NULL,NULL,"Goalie Stopped","stop",NULL,NULL,NULL,NULL,NULL,NULL,NULL,NULL,NULL,8475810,8474013,8476884,8475832,8464989,NULL,8476899,8477220,8471214,8473426,8474291,8470617,NULL,8474651
20152016,20160302,20720,220,2,"regular",1008,2,2,5,5,"o",-69,-22,"Nicklas Backstrom faceoff won against Matt Cullen","faceoff",NULL,"wsh","home",8473563,8464989,NULL,"winner","loser",NULL,8475810,8474013,8476884,8475832,8464989,NULL,8476899,8473563,8477220,8466251,8476880,8473426,NULL,8474651
20152016,20160302,20720,221,2,"regular",1045,2,2,5,5,"o",-98,9,"Tom Wilson hit Derrick Pouliot","hit",NULL,"wsh","home",8476884,8476880,NULL,"hittee","hitter",NULL,8474176,8475810,8471215,8476884,8474013,NULL,8476899,8475200,8466251,8476880,8468498,8473563,NULL,8474651
20152016,20160302,20720,222,2,"regular",1051,2,2,5,5,"d",60,-27,"Carl Hagelin - Wide of Net","missed_shot",NULL,"pit","away",8474176,NULL,NULL,"shooter",NULL,NULL,8474176,8475810,8471215,8476884,8474013,NULL,8476899,8475200,8466251,8476880,8468498,8473563,NULL,8474651
20152016,20160302,20720,223,2,"regular",1066,2,2,5,5,NULL,NULL,NULL,"Net Off","stop",NULL,NULL,NULL,NULL,NULL,NULL,NULL,NULL,NULL,8474176,8476874,8473548,8471215,8474013,NULL,8476899,8475200,8475744,8466251,8476880,8468498,NULL,8474651
20152016,20160302,20720,224,2,"regular",1066,2,2,5,5,"n",-20,-23,"Evgeny Kuznetsov faceoff won against Sidney Crosby","faceoff",NULL,"wsh","home",8475744,8471675,NULL,"winner","loser",NULL,8476874,8471724,8470543,8471887,8471675,NULL,8476899,8475744,8477444,8473991,8471702,8468508,NULL,8474651
20152016,20160302,20720,225,2,"regular",1084,2,2,5,5,"o",-97,-7,"Kris Letang hit Andre Burakovsky","hit",NULL,"pit","away",8477444,8471724,NULL,"hittee","hitter",NULL,8470543,8476874,8471724,8471887,8471675,NULL,8476899,8475744,8477444,8473991,8471702,8468508,NULL,8474651
20152016,20160302,20720,226,2,"regular",1089,2,2,5,5,"o",-84,3,"Andre Burakovsky Wrist Shot saved by Matthew Murray","shot","wrist shot","wsh","home",8477444,8476899,NULL,"shooter","goalie",NULL,8470543,8476874,8471724,8471887,8471675,NULL,8476899,8475744,8477444,8473991,8471702,8468508,NULL,8474651
20152016,20160302,20720,227,2,"regular",1090,2,2,5,5,"o",-83,-1,"Andre Burakovsky Wrist Shot saved by Matthew Murray","shot","wrist shot","wsh","home",8477444,8476899,NULL,"shooter","goalie",NULL,8470543,8476874,8471724,8471887,8471675,NULL,8476899,8475744,8477444,8473991,8471702,8468508,NULL,8474651
20152016,20160302,20720,228,2,"regular",1113,2,2,5,5,"o",-80,8,"Evgeny Kuznetsov Wrist Shot saved by Matthew Murray","shot","wrist shot","wsh","home",8475744,8476899,NULL,"shooter","goalie",NULL,8471331,8476293,8475208,8474009,8470110,NULL,8476899,8475200,8475744,8475149,8468498,8468508,NULL,8474651
20152016,20160302,20720,229,2,"regular",1120,2,2,5,5,"d",60,-28,"Dmitry Orlov blocked shot from Kevin Porter","blocked_shot",NULL,"pit","away",8475200,8471331,NULL,"blocker","shooter",NULL,8471331,8476293,8475208,8474009,8470110,NULL,8476899,8475200,8475744,8475149,8468498,8468508,NULL,8474651
20152016,20160302,20720,230,2,"regular",1172,2,2,5,5,"o",-61,37,"Olli Maatta hit Marcus Johansson","hit",NULL,"pit","away",8475149,8476874,NULL,"hittee","hitter",NULL,8475810,8476874,8471724,8475832,8464989,NULL,8476899,8475200,8471698,8475149,8468498,8473563,NULL,8474651
20152016,20160302,20720,232,2,"regular",1200,2,2,NULL,NULL,NULL,NULL,NULL,"period end","period_end",NULL,NULL,NULL,NULL,NULL,NULL,NULL,NULL,NULL,NULL,NULL,NULL,NULL,NULL,NULL,NULL,NULL,NULL,NULL,NULL,NULL,NULL,NULL
20152016,20160302,20720,231,2,"regular",1200,2,2,NULL,NULL,NULL,NULL,NULL,"Period Official","period_official",NULL,NULL,NULL,NULL,NULL,NULL,NULL,NULL,NULL,NULL,NULL,NULL,NULL,NULL,NULL,NULL,NULL,NULL,NULL,NULL,NULL,NULL,NULL
20152016,20160302,20720,233,3,"regular",0,2,2,NULL,NULL,NULL,NULL,NULL,"Period Ready","period_ready",NULL,NULL,NULL,NULL,NULL,NULL,NULL,NULL,NULL,NULL,NULL,NULL,NULL,NULL,NULL,NULL,NULL,NULL,NULL,NULL,NULL,NULL,NULL
20152016,20160302,20720,234,3,"regular",0,2,2,NULL,NULL,NULL,NULL,NULL,"Period Start","period_start",NULL,NULL,NULL,NULL,NULL,NULL,NULL,NULL,NULL,NULL,NULL,NULL,NULL,NULL,NULL,NULL,NULL,NULL,NULL,NULL,NULL,NULL,NULL
20152016,20160302,20720,235,3,"regular",0,2,2,5,5,"n",1,0,"Nicklas Backstrom faceoff won against Sidney Crosby","faceoff",NULL,"wsh","home",8473563,8471675,NULL,"winner","loser",NULL,8470543,8476874,8471675,8471724,8471887,NULL,NULL,8473991,8471214,8471698,8471702,8473563,NULL,8474651
20152016,20160302,20720,236,3,"regular",59,2,2,5,5,"d",-75,-40,"Brooks Orpik hit Carl Hagelin","hit",NULL,"wsh","home",8474176,8468498,NULL,"hittee","hitter",NULL,8474176,8475208,8473548,8470110,8471215,NULL,NULL,8475744,8477444,8473991,8468498,8468508,NULL,8474651
20152016,20160302,20720,237,3,"regular",75,2,2,5,5,"o",93,-20,"Matthew Murray","giveaway",NULL,"pit","away",8476899,NULL,NULL,"giver",NULL,NULL,8474176,8475208,8473548,8470110,8471215,NULL,NULL,8475200,8475744,8477444,8468498,8468508,NULL,8474651
20152016,20160302,20720,238,3,"regular",76,2,2,5,5,"o",81,8,"Evgeny Kuznetsov blocked shot from Trevor Daley","blocked_shot",NULL,"pit","away",8475744,8470110,NULL,"blocker","shooter",NULL,8474176,8475208,8473548,8470110,8471215,NULL,NULL,8475200,8475744,8477444,8468498,8468508,NULL,8474651
20152016,20160302,20720,239,3,"regular",83,2,2,5,5,"o",74,-3,"Justin Williams Tip-In saved by Matthew Murray","shot","tip-in","wsh","home",8468508,8476899,NULL,"shooter","goalie",NULL,8474176,8475208,8473548,8470110,8471215,NULL,NULL,8475200,8475744,8477444,8468498,8468508,NULL,8474651
20152016,20160302,20720,240,3,"regular",120,2,2,5,5,"d",-64,31,"Bryan Rust - Wide of Net","missed_shot",NULL,"pit","away",8475810,NULL,NULL,"shooter",NULL,NULL,8475832,8475810,8476884,8474013,8464989,NULL,NULL,8477220,8466251,8475149,8476880,8473426,NULL,8474651
20152016,20160302,20720,241,3,"regular",143,2,2,5,5,"o",54,-9,"Stanislav Galiev - Wide of Net","missed_shot",NULL,"wsh","home",8475816,NULL,NULL,"shooter",NULL,NULL,8475832,8475810,8471675,8476884,8474013,NULL,NULL,8475200,8475816,8468498,8474291,8470617,NULL,8474651
20152016,20160302,20720,242,3,"regular",160,2,2,5,5,"o",96,-18,"Ian Cole hit Stanislav Galiev","hit",NULL,"pit","away",8475816,8474013,NULL,"hittee","hitter",NULL,8475810,8471675,8476884,8474013,8470543,NULL,NULL,8475200,8475816,8468498,8474291,8470617,NULL,8474651
20152016,20160302,20720,243,3,"regular",177,2,2,5,5,"d",-36,33,"Kris Letang Wrist Shot saved by Braden Holtby","shot","wrist shot","pit","away",8471724,8474651,NULL,"shooter","goalie",NULL,8470543,8476874,8471675,8471724,8471887,NULL,NULL,8475816,8468498,8471698,8471702,8473563,NULL,8474651
20152016,20160302,20720,244,3,"regular",187,2,2,5,5,"o",40,-6,"Nicklas Backstrom Snap Shot saved by Matthew Murray","shot","snap shot","wsh","home",8473563,8476899,NULL,"shooter","goalie",NULL,8470543,8476874,8471675,8471724,8471887,NULL,NULL,8473991,8471214,8471698,8471702,8473563,NULL,8474651
20152016,20160302,20720,245,3,"regular",194,2,2,5,5,"o",39,26,"Karl Alzner Slap Shot saved by Matthew Murray","shot","slap shot","wsh","home",8473991,8476899,NULL,"shooter","goalie",NULL,8474009,8476874,8471724,8476293,8471887,NULL,NULL,8473991,8471214,8471698,8471702,8473563,NULL,8474651
20152016,20160302,20720,246,3,"regular",202,2,2,5,5,"o",96,9,"Nick Bonino","giveaway",NULL,"pit","away",8474009,NULL,NULL,"giver",NULL,NULL,8474009,8476874,8471724,8476293,8471887,NULL,NULL,8473991,8471214,8471698,8471702,8473563,NULL,8474651
20152016,20160302,20720,247,3,"regular",253,2,2,5,5,"d",-81,24,"Phil Kessel Wrist Shot saved by Braden Holtby","shot","wrist shot","pit","away",8473548,8474651,NULL,"shooter","goalie",NULL,8474176,8475208,8473548,8470110,8471215,NULL,NULL,8475744,8477444,8473991,8471702,8468508,NULL,8474651
20152016,20160302,20720,248,3,"regular",272,2,2,5,5,NULL,NULL,NULL,"Icing","stop",NULL,NULL,NULL,NULL,NULL,NULL,NULL,NULL,NULL,8474176,8475208,8473548,8464989,8470110,NULL,NULL,8475200,8475744,8477444,8468498,8468508,NULL,8474651
20152016,20160302,20720,249,3,"regular",272,2,2,5,5,"o",69,22,"Marcus Johansson faceoff won against Matt Cullen","faceoff",NULL,"wsh","home",8475149,8464989,NULL,"winner","loser",NULL,8474176,8475208,8473548,8464989,8470110,NULL,NULL,8477220,8466251,8475149,8476880,8473426,NULL,8474651
20152016,20160302,20720,250,3,"regular",275,2,2,5,5,"o",83,30,"Jason Chimera Wrist Shot saved by Matthew Murray","shot","wrist shot","wsh","home",8466251,8476899,NULL,"shooter","goalie",NULL,8474176,8475208,8473548,8464989,8470110,NULL,NULL,8477220,8466251,8475149,8476880,8473426,NULL,8474651
20152016,20160302,20720,251,3,"regular",276,2,2,5,5,NULL,NULL,NULL,"Goalie Stopped","stop",NULL,NULL,NULL,NULL,NULL,NULL,NULL,NULL,NULL,8474176,8475208,8473548,8464989,8470110,NULL,NULL,8477220,8466251,8475149,8476880,8473426,NULL,8474651
20152016,20160302,20720,252,3,"regular",276,2,2,5,5,"o",69,22,"Matt Cullen faceoff won against Marcus Johansson","faceoff",NULL,"pit","away",8464989,8475149,NULL,"winner","loser",NULL,8475832,8475810,8476884,8464989,8474013,NULL,NULL,8477220,8466251,8475149,8476880,8473426,NULL,8474651
20152016,20160302,20720,253,3,"regular",287,2,2,5,5,"d",-70,-7,"Tom Kuhnhackl - Hit Crossbar","missed_shot",NULL,"pit","away",8475832,NULL,NULL,"shooter",NULL,NULL,8475832,8475810,8476884,8474013,8464989,NULL,NULL,8477220,8466251,8475149,8476880,8473426,NULL,8474651
20152016,20160302,20720,254,3,"regular",289,2,2,5,5,NULL,NULL,NULL,"Puck in Netting","stop",NULL,NULL,NULL,NULL,NULL,NULL,NULL,NULL,NULL,8475832,8475810,8476884,8474013,8464989,NULL,NULL,8477220,8466251,8475149,8476880,8473426,NULL,8474651
20152016,20160302,20720,255,3,"regular",289,2,2,5,5,"d",-69,23,"Sidney Crosby faceoff won against Nicklas Backstrom","faceoff",NULL,"pit","away",8471675,8473563,NULL,"winner","loser",NULL,8476874,8471675,8471724,8471887,8470543,NULL,NULL,8473563,8473991,8471214,8471698,8471702,NULL,8474651
20152016,20160302,20720,256,3,"regular",324,2,2,5,5,"d",-80,19,"Patric Hornqvist Wrist Shot saved by Braden Holtby","shot","wrist shot","pit","away",8471887,8474651,NULL,"shooter","goalie",NULL,8470543,8476874,8471675,8471724,8471887,NULL,NULL,8473991,8471214,8471698,8471702,8473563,NULL,8474651
20152016,20160302,20720,257,3,"regular",325,2,2,5,5,NULL,NULL,NULL,"Goalie Stopped","stop",NULL,NULL,NULL,NULL,NULL,NULL,NULL,NULL,NULL,8470543,8476874,8471675,8471724,8471887,NULL,NULL,8473563,8473991,8471214,8471698,8471702,NULL,8474651
20152016,20160302,20720,258,3,"regular",325,2,2,5,5,"d",-69,23,"Evgeni Malkin faceoff won against Mike Richards","faceoff",NULL,"pit","away",8471215,8470617,NULL,"winner","loser",NULL,8474176,8475208,8473548,8470110,8471215,NULL,NULL,8475200,8475816,8468498,8474291,8470617,NULL,8474651
20152016,20160302,20720,259,3,"regular",384,2,2,5,5,"o",74,-20,"Evgeny Kuznetsov - Wide of Net","missed_shot",NULL,"wsh","home",8475744,NULL,NULL,"shooter",NULL,NULL,8475832,8475810,8471724,8476874,8464989,NULL,NULL,8475744,8477220,8473426,8477444,8468508,NULL,8474651
20152016,20160302,20720,260,3,"regular",398,2,2,5,5,"d",-70,0,"Mike Weber blocked shot from Bryan Rust","blocked_shot",NULL,"pit","away",8473426,8475810,NULL,"blocker","shooter",NULL,8475832,8475810,8471724,8476874,8464989,NULL,NULL,8475744,8477220,8473426,8477444,8468508,NULL,8474651
20152016,20160302,20720,262,3,"regular",399,2,2,5,5,NULL,NULL,NULL,"Puck in Netting","stop",NULL,NULL,NULL,NULL,NULL,NULL,NULL,NULL,NULL,8475832,8475810,8471724,8476874,8464989,NULL,NULL,8475744,8477444,8473426,8477220,8468508,NULL,8474651
20152016,20160302,20720,261,3,"regular",399,2,2,5,5,"d",-70,22,"Sidney Crosby faceoff won against Nicklas Backstrom","faceoff",NULL,"pit","away",8471675,8473563,NULL,"winner","loser",NULL,8470543,8476874,8471675,8471724,8471887,NULL,NULL,8473563,8473991,8471214,8471698,8471702,NULL,8474651
20152016,20160302,20720,263,3,"regular",403,2,2,5,5,"d",-56,17,"Alex Ovechkin blocked shot from Kris Letang","blocked_shot",NULL,"pit","away",8471214,8471724,NULL,"blocker","shooter",NULL,8470543,8476874,8471675,8471724,8471887,NULL,NULL,8473991,8471214,8471698,8471702,8473563,NULL,8474651
20152016,20160302,20720,264,3,"regular",423,2,2,5,5,"d",-41,11,"Kris Letang Slap Shot saved by Braden Holtby","shot","slap shot","pit","away",8471724,8474651,NULL,"shooter","goalie",NULL,8470543,8476874,8471675,8471724,8471887,NULL,NULL,8473991,8471214,8471698,8471702,8473563,NULL,8474651
20152016,20160302,20720,265,3,"regular",428,2,2,5,5,"d",-45,-39,"Alex Ovechkin hit Olli Maatta","hit",NULL,"wsh","home",8476874,8471214,NULL,"hittee","hitter",NULL,8470543,8476874,8471675,8471724,8471887,NULL,NULL,8473991,8471214,8471698,8471702,8473563,NULL,8474651
20152016,20160302,20720,266,3,"regular",429,2,2,5,5,"d",-88,-7,"Sidney Crosby hit Matt Niskanen","hit",NULL,"pit","away",8471702,8471675,NULL,"hittee","hitter",NULL,8470543,8476874,8471675,8471724,8471887,NULL,NULL,8473991,8471214,8471698,8471702,8473563,NULL,8474651
20152016,20160302,20720,267,3,"regular",430,2,2,5,5,NULL,NULL,NULL,"Net Off","stop",NULL,NULL,NULL,NULL,NULL,NULL,NULL,NULL,NULL,8470543,8476874,8471675,8471724,8471887,NULL,NULL,8473563,8473991,8471214,8471698,8471702,NULL,8474651
20152016,20160302,20720,268,3,"regular",430,2,2,5,5,"d",-69,23,"Mike Richards faceoff won against Evgeni Malkin","faceoff",NULL,"wsh","home",8470617,8471215,NULL,"winner","loser",NULL,8474176,8475208,8473548,8470110,8471215,NULL,NULL,8475200,8466251,8476880,8468498,8470617,NULL,8474651
20152016,20160302,20720,269,3,"regular",463,2,2,5,5,"d",-27,-39,"Evgeni Malkin","takeaway",NULL,"pit","away",8471215,NULL,NULL,"taker",NULL,NULL,8474176,8475208,8473548,8470110,8471215,NULL,NULL,8475200,8466251,8476880,8468498,8470617,NULL,8474651
20152016,20160302,20720,270,3,"regular",536,2,2,5,5,"o",61,16,"Ian Cole blocked shot from Matt Niskanen","blocked_shot",NULL,"wsh","home",8474013,8471702,NULL,"blocker","shooter",NULL,8474013,8471331,8476884,8476293,8464989,NULL,NULL,8475744,8477444,8473991,8471702,8468508,NULL,8474651
20152016,20160302,20720,271,3,"regular",637,2,2,5,5,"o",54,2,"T.J. Oshie","takeaway",NULL,"wsh","home",8471698,NULL,NULL,"taker",NULL,NULL,8474176,8471724,8476874,8473548,8471215,NULL,NULL,8473991,8471214,8471698,8471702,8473563,NULL,8474651
20152016,20160302,20720,272,3,"regular",644,2,2,5,5,"o",55,-30,"Olli Maatta","takeaway",NULL,"pit","away",8476874,NULL,NULL,"taker",NULL,NULL,8474176,8471724,8476874,8473548,8471215,NULL,NULL,8473991,8471214,8471698,8471702,8473563,NULL,8474651
20152016,20160302,20720,273,3,"regular",648,2,2,5,5,"d",-73,-7,"Evgeni Malkin Wrist Shot saved by Braden Holtby","shot","wrist shot","pit","away",8471215,8474651,NULL,"shooter","goalie",NULL,8474176,8473548,8476884,8474013,8471215,NULL,NULL,8473991,8471214,8471698,8471702,8473563,NULL,8474651
20152016,20160302,20720,275,3,"regular",652,2,2,5,5,NULL,NULL,NULL,"Net Off","stop",NULL,NULL,NULL,NULL,NULL,NULL,NULL,NULL,NULL,8474176,8476884,8473548,8474013,8471215,NULL,NULL,8473563,8473991,8471214,8471698,8471702,NULL,8474651
20152016,20160302,20720,274,3,"regular",650,2,2,5,5,"d",-86,-3,"Matt Niskanen hit Evgeni Malkin","hit",NULL,"wsh","home",8471215,8471702,NULL,"hittee","hitter",NULL,8474176,8473548,8476884,8474013,8471215,NULL,NULL,8473991,8471214,8471698,8471702,8473563,NULL,8474651
20152016,20160302,20720,276,3,"regular",652,2,2,5,5,"d",-69,-23,"Mike Richards faceoff won against Sidney Crosby","faceoff",NULL,"wsh","home",8470617,8471675,NULL,"winner","loser",NULL,8470543,8476874,8471675,8471724,8471887,NULL,NULL,8473991,8475149,8474291,8471702,8470617,NULL,8474651
20152016,20160302,20720,277,3,"regular",689,2,2,5,5,"d",-28,3,"Dmitry Orlov hit Bryan Rust","hit",NULL,"wsh","home",8475810,8475200,NULL,"hittee","hitter",NULL,8475832,8475810,8471675,8471724,8476874,NULL,NULL,8475200,8466251,8476880,8468498,8473563,NULL,8474651
20152016,20160302,20720,278,3,"regular",752,2,2,2,3,"o",58,36,"Alex Ovechkin - Wide of Net","missed_shot",NULL,"wsh","home",8471214,NULL,NULL,"shooter",NULL,NULL,8474013,8471215,NULL,NULL,NULL,NULL,NULL,8475200,8475744,8468498,NULL,NULL,NULL,8474651
20152016,20160302,20720,279,3,"regular",765,2,2,1,3,"o",32,-28,"Evgeni Malkin Hi-sticking against T.J. Oshie -- minor -- 2","penalty","hi-sticking","pit","away",8471215,8471698,NULL,"penaltyon","drewby",NULL,8471215,NULL,NULL,NULL,NULL,NULL,NULL,8475200,8475744,8468498,NULL,NULL,NULL,NULL
20152016,20160302,20720,280,3,"regular",765,2,2,NULL,NULL,"o",69,22,"Nick Bonino faceoff won against Nicklas Backstrom","faceoff",NULL,"pit","away",8474009,8473563,NULL,"winner","loser",NULL,NULL,NULL,NULL,NULL,NULL,NULL,NULL,NULL,NULL,NULL,NULL,NULL,NULL,NULL
20152016,20160302,20720,281,3,"regular",776,2,2,NULL,NULL,"d",-78,-29,"Tom Kuhnhackl Wrist Shot saved by Braden Holtby","shot","wrist shot","pit","away",8475832,8474651,NULL,"shooter","goalie",NULL,NULL,NULL,NULL,NULL,NULL,NULL,NULL,NULL,NULL,NULL,NULL,NULL,NULL,NULL
20152016,20160302,20720,282,3,"regular",800,2,2,NULL,NULL,"o",71,-2,"Kris Letang blocked shot from Matt Niskanen","blocked_shot",NULL,"wsh","home",8471724,8471702,NULL,"blocker","shooter",NULL,NULL,NULL,NULL,NULL,NULL,NULL,NULL,NULL,NULL,NULL,NULL,NULL,NULL,NULL
20152016,20160302,20720,283,3,"regular",806,2,2,NULL,NULL,"o",36,0,"Matt Niskanen Slap Shot saved by Matthew Murray","shot","slap shot","wsh","home",8471702,8476899,NULL,"shooter","goalie",NULL,NULL,NULL,NULL,NULL,NULL,NULL,NULL,NULL,NULL,NULL,NULL,NULL,NULL,NULL
20152016,20160302,20720,286,3,"regular",818,2,2,NULL,NULL,"o",35,-1,"Matt Niskanen (4) Slap Shot; assists: Nicklas Backstrom (41)","goal","slap shot","wsh","home",8473563,8471702,NULL,"assist1","scorer",NULL,NULL,NULL,NULL,NULL,NULL,NULL,NULL,NULL,NULL,NULL,NULL,NULL,NULL,NULL
20152016,20160302,20720,285,3,"regular",818,2,3,NULL,NULL,"n",-1,-2,"Sidney Crosby faceoff won against Mike Richards","faceoff",NULL,"pit","away",8471675,8470617,NULL,"winner","loser",NULL,NULL,NULL,NULL,NULL,NULL,NULL,NULL,NULL,NULL,NULL,NULL,NULL,NULL,NULL
20152016,20160302,20720,287,3,"regular",835,2,3,NULL,NULL,"d",-38,-38,"Matt Niskanen hit Sidney Crosby","hit",NULL,"wsh","home",8471675,8471702,NULL,"hittee","hitter",NULL,NULL,NULL,NULL,NULL,NULL,NULL,NULL,NULL,NULL,NULL,NULL,NULL,NULL,NULL
20152016,20160302,20720,288,3,"regular",845,2,3,NULL,NULL,"o",93,31,"Trevor Daley hit Jay Beagle","hit",NULL,"pit","away",8474291,8470110,NULL,"hittee","hitter",NULL,NULL,NULL,NULL,NULL,NULL,NULL,NULL,NULL,NULL,NULL,NULL,NULL,NULL,NULL
20152016,20160302,20720,289,3,"regular",849,2,3,NULL,NULL,"o",65,-21,"Sidney Crosby blocked shot from Brooks Orpik","blocked_shot",NULL,"wsh","home",8471675,8468498,NULL,"blocker","shooter",NULL,NULL,NULL,NULL,NULL,NULL,NULL,NULL,NULL,NULL,NULL,NULL,NULL,NULL,NULL
20152016,20160302,20720,290,3,"regular",860,2,3,NULL,NULL,"o",72,28,"Karl Alzner Wrist Shot saved by Matthew Murray","shot","wrist shot","wsh","home",8473991,8476899,NULL,"shooter","goalie",NULL,NULL,NULL,NULL,NULL,NULL,NULL,NULL,NULL,NULL,NULL,NULL,NULL,NULL,NULL
20152016,20160302,20720,291,3,"regular",861,2,3,NULL,NULL,"o",81,17,"Karl Alzner Wrist Shot saved by Matthew Murray","shot","wrist shot","wsh","home",8473991,8476899,NULL,"shooter","goalie",NULL,NULL,NULL,NULL,NULL,NULL,NULL,NULL,NULL,NULL,NULL,NULL,NULL,NULL,NULL
20152016,20160302,20720,292,3,"regular",866,2,3,NULL,NULL,"o",35,-39,"Chris Kunitz hit Brooks Orpik","hit",NULL,"pit","away",8468498,8470543,NULL,"hittee","hitter",NULL,NULL,NULL,NULL,NULL,NULL,NULL,NULL,NULL,NULL,NULL,NULL,NULL,NULL,NULL
20152016,20160302,20720,293,3,"regular",868,2,3,NULL,NULL,NULL,NULL,NULL,"Goalie Stopped","stop",NULL,NULL,NULL,NULL,NULL,NULL,NULL,NULL,NULL,NULL,NULL,NULL,NULL,NULL,NULL,NULL,NULL,NULL,NULL,NULL,NULL,NULL,NULL
20152016,20160302,20720,294,3,"regular",868,2,3,NULL,NULL,"o",67,-22,"Matt Cullen faceoff won against Tom Wilson","faceoff",NULL,"pit","away",8464989,8476880,NULL,"winner","loser",NULL,NULL,NULL,NULL,NULL,NULL,NULL,NULL,NULL,NULL,NULL,NULL,NULL,NULL,NULL
20152016,20160302,20720,284,3,"regular",807,2,3,NULL,NULL,"d",-74,-4,"Kris Letang","giveaway",NULL,"pit","away",8471724,NULL,NULL,"giver",NULL,NULL,NULL,NULL,NULL,NULL,NULL,NULL,NULL,NULL,NULL,NULL,NULL,NULL,NULL,NULL
20152016,20160302,20720,295,3,"regular",876,2,3,NULL,NULL,"d",-74,0,"Mike Weber blocked shot from Bryan Rust","blocked_shot",NULL,"pit","away",8473426,8475810,NULL,"blocker","shooter",NULL,NULL,NULL,NULL,NULL,NULL,NULL,NULL,NULL,NULL,NULL,NULL,NULL,NULL,NULL
20152016,20160302,20720,297,3,"regular",897,2,3,NULL,NULL,NULL,NULL,NULL,"Goalie Stopped","stop",NULL,NULL,NULL,NULL,NULL,NULL,NULL,NULL,NULL,NULL,NULL,NULL,NULL,NULL,NULL,NULL,NULL,NULL,NULL,NULL,NULL,NULL,NULL
20152016,20160302,20720,296,3,"regular",896,2,3,NULL,NULL,"o",60,34,"Jason Chimera Wrist Shot saved by Matthew Murray","shot","wrist shot","wsh","home",8466251,8476899,NULL,"shooter","goalie",NULL,NULL,NULL,NULL,NULL,NULL,NULL,NULL,NULL,NULL,NULL,NULL,NULL,NULL,NULL
20152016,20160302,20720,298,3,"regular",897,2,3,NULL,NULL,"o",69,23,"Evgeny Kuznetsov faceoff won against Evgeni Malkin","faceoff",NULL,"wsh","home",8475744,8471215,NULL,"winner","loser",NULL,NULL,NULL,NULL,NULL,NULL,NULL,NULL,NULL,NULL,NULL,NULL,NULL,NULL,NULL
20152016,20160302,20720,299,3,"regular",918,2,3,NULL,NULL,"o",95,-7,"Kris Letang","giveaway",NULL,"pit","away",8471724,NULL,NULL,"giver",NULL,NULL,NULL,NULL,NULL,NULL,NULL,NULL,NULL,NULL,NULL,NULL,NULL,NULL,NULL,NULL
20152016,20160302,20720,300,3,"regular",930,2,3,NULL,NULL,NULL,NULL,NULL,"Icing","stop",NULL,NULL,NULL,NULL,NULL,NULL,NULL,NULL,NULL,NULL,NULL,NULL,NULL,NULL,NULL,NULL,NULL,NULL,NULL,NULL,NULL,NULL,NULL
20152016,20160302,20720,301,3,"regular",930,2,3,NULL,NULL,"d",-69,-21,"Evgeny Kuznetsov faceoff won against Sidney Crosby","faceoff",NULL,"wsh","home",8475744,8471675,NULL,"winner","loser",NULL,NULL,NULL,NULL,NULL,NULL,NULL,NULL,NULL,NULL,NULL,NULL,NULL,NULL,NULL
20152016,20160302,20720,302,3,"regular",945,2,3,NULL,NULL,"d",-48,38,"Chris Kunitz hit Brooks Orpik","hit",NULL,"pit","away",8468498,8470543,NULL,"hittee","hitter",NULL,NULL,NULL,NULL,NULL,NULL,NULL,NULL,NULL,NULL,NULL,NULL,NULL,NULL,NULL
20152016,20160302,20720,303,3,"regular",956,2,3,NULL,NULL,"d",-95,-17,"Jay Beagle hit Patric Hornqvist","hit",NULL,"wsh","home",8471887,8474291,NULL,"hittee","hitter",NULL,NULL,NULL,NULL,NULL,NULL,NULL,NULL,NULL,NULL,NULL,NULL,NULL,NULL,NULL
20152016,20160302,20720,304,3,"regular",964,2,3,NULL,NULL,"d",-43,-4,"Evgeny Kuznetsov blocked shot from Brian Dumoulin","blocked_shot",NULL,"pit","away",8475744,8475208,NULL,"blocker","shooter",NULL,NULL,NULL,NULL,NULL,NULL,NULL,NULL,NULL,NULL,NULL,NULL,NULL,NULL,NULL
20152016,20160302,20720,305,3,"regular",982,2,3,NULL,NULL,"n",2,36,"Scott Wilson hit Matt Niskanen","hit",NULL,"pit","away",8471702,8476293,NULL,"hittee","hitter",NULL,NULL,NULL,NULL,NULL,NULL,NULL,NULL,NULL,NULL,NULL,NULL,NULL,NULL,NULL
20152016,20160302,20720,306,3,"regular",991,2,3,NULL,NULL,NULL,NULL,NULL,"Offside","stop",NULL,NULL,NULL,NULL,NULL,NULL,NULL,NULL,NULL,NULL,NULL,NULL,NULL,NULL,NULL,NULL,NULL,NULL,NULL,NULL,NULL,NULL,NULL
20152016,20160302,20720,307,3,"regular",991,2,3,NULL,NULL,"n",-20,22,"Marcus Johansson faceoff won against Nick Bonino","faceoff",NULL,"wsh","home",8475149,8474009,NULL,"winner","loser",NULL,NULL,NULL,NULL,NULL,NULL,NULL,NULL,NULL,NULL,NULL,NULL,NULL,NULL,NULL
20152016,20160302,20720,308,3,"regular",1034,2,3,NULL,NULL,"n",-25,38,"Ian Cole hit Jason Chimera","hit",NULL,"pit","away",8466251,8474013,NULL,"hittee","hitter",NULL,NULL,NULL,NULL,NULL,NULL,NULL,NULL,NULL,NULL,NULL,NULL,NULL,NULL,NULL
20152016,20160302,20720,309,3,"regular",1048,2,3,NULL,NULL,"d",-97,-3,"Nate Schmidt","giveaway",NULL,"wsh","home",8477220,NULL,NULL,"giver",NULL,NULL,NULL,NULL,NULL,NULL,NULL,NULL,NULL,NULL,NULL,NULL,NULL,NULL,NULL,NULL
20152016,20160302,20720,310,3,"regular",1065,2,3,NULL,NULL,"o",49,-2,"Dmitry Orlov Slap Shot saved by Matthew Murray","shot","slap shot","wsh","home",8475200,8476899,NULL,"shooter","goalie",NULL,NULL,NULL,NULL,NULL,NULL,NULL,NULL,NULL,NULL,NULL,NULL,NULL,NULL,NULL
20152016,20160302,20720,312,3,"regular",1066,2,3,NULL,NULL,NULL,NULL,NULL,"Goalie Stopped","stop",NULL,NULL,NULL,NULL,NULL,NULL,NULL,NULL,NULL,NULL,NULL,NULL,NULL,NULL,NULL,NULL,NULL,NULL,NULL,NULL,NULL,NULL,NULL
20152016,20160302,20720,311,3,"regular",1066,2,3,NULL,NULL,"o",69,-22,"Sidney Crosby faceoff won against Nicklas Backstrom","faceoff",NULL,"pit","away",8471675,8473563,NULL,"winner","loser",NULL,NULL,NULL,NULL,NULL,NULL,NULL,NULL,NULL,NULL,NULL,NULL,NULL,NULL,NULL
20152016,20160302,20720,313,3,"regular",1127,2,3,NULL,NULL,"o",97,-17,"Jason Chimera hit Olli Maatta","hit",NULL,"wsh","home",8476874,8466251,NULL,"hittee","hitter",NULL,NULL,NULL,NULL,NULL,NULL,NULL,NULL,NULL,NULL,NULL,NULL,NULL,NULL,NULL
20152016,20160302,20720,314,3,"regular",1133,2,3,NULL,NULL,"o",76,-38,"Olli Maatta","giveaway",NULL,"pit","away",8476874,NULL,NULL,"giver",NULL,NULL,NULL,NULL,NULL,NULL,NULL,NULL,NULL,NULL,NULL,NULL,NULL,NULL,NULL,NULL
20152016,20160302,20720,315,3,"regular",1133,2,3,NULL,NULL,"o",85,12,"Jay Beagle Wrist Shot saved by Matthew Murray","shot","wrist shot","wsh","home",8474291,8476899,NULL,"shooter","goalie",NULL,NULL,NULL,NULL,NULL,NULL,NULL,NULL,NULL,NULL,NULL,NULL,NULL,NULL,NULL
20152016,20160302,20720,316,3,"regular",1141,2,3,NULL,NULL,"d",-38,-36,"Dmitry Orlov hit Evgeni Malkin","hit",NULL,"wsh","home",8471215,8475200,NULL,"hittee","hitter",NULL,NULL,NULL,NULL,NULL,NULL,NULL,NULL,NULL,NULL,NULL,NULL,NULL,NULL,NULL
20152016,20160302,20720,317,3,"regular",1155,2,3,NULL,NULL,"d",-31,-39,"Sidney Crosby hit Dmitry Orlov","hit",NULL,"pit","away",8475200,8471675,NULL,"hittee","hitter",NULL,NULL,NULL,NULL,NULL,NULL,NULL,NULL,NULL,NULL,NULL,NULL,NULL,NULL,NULL
20152016,20160302,20720,318,3,"regular",1162,2,3,NULL,NULL,"d",-58,-35,"Dmitry Orlov","giveaway",NULL,"wsh","home",8475200,NULL,NULL,"giver",NULL,NULL,NULL,NULL,NULL,NULL,NULL,NULL,NULL,NULL,NULL,NULL,NULL,NULL,NULL,NULL
20152016,20160302,20720,319,3,"regular",1166,2,3,NULL,NULL,"d",-83,-11,"Carl Hagelin Wrist Shot saved by Braden Holtby","shot","wrist shot","pit","away",8474176,8474651,NULL,"shooter","goalie",NULL,NULL,NULL,NULL,NULL,NULL,NULL,NULL,NULL,NULL,NULL,NULL,NULL,NULL,NULL
20152016,20160302,20720,320,3,"regular",1167,2,3,NULL,NULL,NULL,NULL,NULL,"Goalie Stopped","stop",NULL,NULL,NULL,NULL,NULL,NULL,NULL,NULL,NULL,NULL,NULL,NULL,NULL,NULL,NULL,NULL,NULL,NULL,NULL,NULL,NULL,NULL,NULL
20152016,20160302,20720,321,3,"regular",1167,2,3,NULL,NULL,"d",-69,-22,"T.J. Oshie faceoff won against Sidney Crosby","faceoff",NULL,"wsh","home",8471698,8471675,NULL,"winner","loser",NULL,NULL,NULL,NULL,NULL,NULL,NULL,NULL,NULL,NULL,NULL,NULL,NULL,NULL,NULL
20152016,20160302,20720,322,3,"regular",1189,2,3,NULL,NULL,"d",-39,26,"Nicklas Backstrom","giveaway",NULL,"wsh","home",8473563,NULL,NULL,"giver",NULL,NULL,NULL,NULL,NULL,NULL,NULL,NULL,NULL,NULL,NULL,NULL,NULL,NULL,NULL,NULL
20152016,20160302,20720,323,3,"regular",1192,2,3,NULL,NULL,"o",52,20,"Patric Hornqvist blocked shot from T.J. Oshie","blocked_shot",NULL,"wsh","home",8471887,8471698,NULL,"blocker","shooter",NULL,NULL,NULL,NULL,NULL,NULL,NULL,NULL,NULL,NULL,NULL,NULL,NULL,NULL,NULL
20152016,20160302,20720,324,3,"regular",1200,2,3,NULL,NULL,NULL,NULL,NULL,"period end","period_end",NULL,NULL,NULL,NULL,NULL,NULL,NULL,NULL,NULL,NULL,NULL,NULL,NULL,NULL,NULL,NULL,NULL,NULL,NULL,NULL,NULL,NULL,NULL
20152016,20160302,20720,325,3,"regular",1200,2,3,NULL,NULL,NULL,NULL,NULL,"Period Official","period_official",NULL,NULL,NULL,NULL,NULL,NULL,NULL,NULL,NULL,NULL,NULL,NULL,NULL,NULL,NULL,NULL,NULL,NULL,NULL,NULL,NULL,NULL,NULL
20152016,20160302,20720,326,3,"regular",1200,2,3,NULL,NULL,NULL,NULL,NULL,"Game End","game_end",NULL,NULL,NULL,NULL,NULL,NULL,NULL,NULL,NULL,NULL,NULL,NULL,NULL,NULL,NULL,NULL,NULL,NULL,NULL,NULL,NULL,NULL,NULL
